Type,Mass,Luminosity,Radius,Temperature,ColorIndex,AbsMag,BoloCorr,BoloMag,ColorRGB
O0Ia0,160.0,3.41e+07,8.02e+01,50000,-0.35,-9.5,-4.58,-14.08,144166255
O0Ia,150.0,2.59e+06,2.21e+01,50000,-0.35,-6.7,-4.58,-11.28,144166255
O0Ib,140.0,2.15e+06,2.02e+01,50000,-0.35,-6.5,-4.58,-11.08,144166255
O0II,130.0,2.15e+06,2.02e+01,50000,-0.35,-6.5,-4.58,-11.08,144166255
O0III,120.0,2.15e+06,2.02e+01,50000,-0.35,-6.5,-4.58,-11.08,144166255
O0IV,110.0,1.36e+06,1.60e+01,50000,-0.35,-6.0,-4.58,-10.58,144166255
O0V,100.0,1.24e+06,1.53e+01,50000,-0.35,-5.9,-4.58,-10.48,144166255
O0VI,60.0,9.40e+05,1.33e+01,50000,-0.35,-5.6,-4.58,-10.18,144166255
O1Ia0,159.7,2.71e+07,7.88e+01,47600,-0.35,-9.4,-4.43,-13.83,146168255
O1Ia,149.3,2.25e+06,2.27e+01,47600,-0.35,-6.7,-4.43,-11.13,146168255
O1Ib,139.0,1.87e+06,2.07e+01,47600,-0.35,-6.5,-4.43,-10.93,146168255
O1II,128.6,1.73e+06,1.98e+01,47800,-0.35,-6.4,-4.44,-10.84,146168255
O1III,118.2,1.58e+06,1.89e+01,47800,-0.35,-6.3,-4.44,-10.74,146168255
O1IV,107.9,1.09e+06,1.57e+01,47800,-0.35,-5.9,-4.44,-10.34,145167255
O1V,97.5,9.94e+05,1.50e+01,47800,-0.35,-5.8,-4.44,-10.24,146168255
O1VI,37.0,7.54e+05,1.31e+01,47800,-0.35,-5.5,-4.44,-9.94,146168255
O2Ia0,159.4,2.14e+07,7.77e+01,45200,-0.35,-9.3,-4.28,-13.58,148170255
O2Ia,148.6,2.14e+06,2.46e+01,45200,-0.35,-6.8,-4.28,-11.08,148170255
O2Ib,137.9,1.62e+06,2.14e+01,45200,-0.35,-6.5,-4.28,-10.78,148170255
O2II,127.2,1.52e+06,2.03e+01,45600,-0.35,-6.4,-4.30,-10.70,148170255
O2III,116.5,1.26e+06,1.85e+01,45600,-0.35,-6.2,-4.30,-10.50,148169255
O2IV,105.7,8.72e+05,1.54e+01,45600,-0.35,-5.8,-4.30,-10.10,146169255
O2V,95.0,7.95e+05,1.47e+01,45600,-0.35,-5.7,-4.30,-10.00,148170255
O2VI,30.0,6.03e+05,1.28e+01,45600,-0.35,-5.4,-4.30,-9.70,148170255
O3Ia0,159.0,1.68e+07,7.69e+01,42800,-0.34,-9.2,-4.12,-13.32,151172255
O3Ia,148.0,1.85e+06,2.55e+01,42800,-0.34,-6.8,-4.12,-10.92,151172255
O3Ib,136.9,1.40e+06,2.22e+01,42800,-0.34,-6.5,-4.12,-10.62,151172255
O3II,125.8,1.21e+06,2.00e+01,43400,-0.34,-6.3,-4.16,-10.46,149173255
O3III,114.7,9.17e+05,1.75e+01,43400,-0.34,-6.0,-4.16,-10.16,150171255
O3IV,103.6,6.96e+05,1.52e+01,43400,-0.34,-5.7,-4.16,-9.86,148170255
O3V,92.5,6.34e+05,1.45e+01,43400,-0.34,-5.6,-4.16,-9.76,151172255
O3VI,23.0,4.81e+05,1.26e+01,43400,-0.34,-5.3,-4.16,-9.46,151172255
O4Ia0,158.7,1.32e+07,7.64e+01,40400,-0.33,-9.1,-3.95,-13.05,153174255
O4Ia,147.3,1.74e+06,2.77e+01,40400,-0.33,-6.9,-3.95,-10.85,153174255
O4Ib,135.8,1.20e+06,2.31e+01,40400,-0.33,-6.5,-3.95,-10.45,153174255
O4II,124.4,9.60e+05,1.98e+01,41200,-0.34,-6.2,-4.01,-10.21,151175255
O4III,112.9,7.28e+05,1.73e+01,41200,-0.34,-5.9,-4.01,-9.91,152172255
O4IV,101.5,5.52e+05,1.50e+01,41200,-0.34,-5.6,-4.01,-9.61,149171255
O4V,90.0,5.04e+05,1.44e+01,41200,-0.34,-5.5,-4.01,-9.51,153174255
O4VI,20.0,3.82e+05,1.25e+01,41200,-0.34,-5.2,-4.01,-9.21,153174255
O5Ia0,158.4,1.03e+07,7.62e+01,38000,-0.33,-9.0,-3.78,-12.78,155176255
O5Ia,142.0,1.48e+06,2.90e+01,38000,-0.33,-6.9,-3.78,-10.68,155176255
O5Ib,125.6,1.03e+06,2.41e+01,38000,-0.33,-6.5,-3.78,-10.28,155176255
O5II,109.2,7.59e+05,1.97e+01,39000,-0.33,-6.1,-3.85,-9.95,153177255
O5III,92.8,5.25e+05,1.64e+01,39000,-0.33,-5.7,-3.85,-9.55,154174255
O5IV,76.4,4.37e+05,1.49e+01,39000,-0.33,-5.5,-3.85,-9.35,150172255
O5V,60.0,3.98e+05,1.42e+01,39000,-0.33,-5.4,-3.85,-9.25,155176255
O5VI,17.5,3.02e+05,1.24e+01,39000,-0.33,-5.1,-3.85,-8.95,155176255
O6Ia0,136.7,7.81e+06,7.66e+01,35400,-0.32,-8.9,-3.58,-12.48,157178255
O6Ia,120.1,1.36e+06,3.19e+01,35400,-0.32,-7.0,-3.58,-10.58,157178255
O6Ib,103.5,7.81e+05,2.42e+01,35400,-0.32,-6.4,-3.58,-9.98,157178255
O6II,86.9,6.54e+05,2.05e+01,36800,-0.32,-6.1,-3.69,-9.79,155179255
O6III,70.2,3.76e+05,1.56e+01,36800,-0.32,-5.5,-3.69,-9.19,156175255
O6IV,53.6,3.13e+05,1.42e+01,36800,-0.32,-5.3,-3.69,-8.99,151174255
O6V,37.0,2.60e+05,1.29e+01,36800,-0.32,-5.1,-3.69,-8.79,162184255
O6VI,14.2,1.80e+05,1.08e+01,36800,-0.32,-4.7,-3.69,-8.39,162184255
O7Ia0,115.1,5.88e+06,7.74e+01,32800,-0.31,-8.8,-3.37,-12.17,160181255
O7Ia,100.9,1.12e+06,3.38e+01,32800,-0.31,-7.0,-3.37,-10.37,160181255
O7Ib,86.7,5.88e+05,2.45e+01,32800,-0.31,-6.3,-3.37,-9.67,160181255
O7II,72.5,5.10e+05,2.05e+01,34600,-0.32,-6.0,-3.52,-9.52,156181255
O7III,58.4,2.94e+05,1.55e+01,34600,-0.32,-5.4,-3.52,-8.92,158177255
O7IV,44.2,2.23e+05,1.35e+01,34600,-0.32,-5.1,-3.52,-8.62,152175255
O7V,30.0,1.54e+05,1.13e+01,34600,-0.32,-4.7,-3.52,-8.22,157177255
O7VI,10.9,1.07e+05,9.36e+00,34600,-0.32,-4.3,-3.52,-7.82,157177255
O8Ia0,93.4,4.37e+06,7.87e+01,30200,-0.30,-8.7,-3.15,-11.85,162183255
O8Ia,81.7,9.13e+05,3.60e+01,30200,-0.30,-7.0,-3.15,-10.15,162183255
O8Ib,69.9,4.37e+05,2.49e+01,30200,-0.30,-6.2,-3.15,-9.35,162183255
O8II,58.2,3.60e+05,1.96e+01,32400,-0.31,-5.8,-3.34,-9.14,158183255
O8III,46.5,2.07e+05,1.49e+01,32400,-0.31,-5.2,-3.34,-8.54,157178255
O8IV,34.7,1.57e+05,1.30e+01,32400,-0.31,-4.9,-3.34,-8.24,153176255
O8V,23.0,9.91e+04,1.03e+01,32400,-0.31,-4.4,-3.34,-7.74,157177255
O8VI,7.6,5.70e+04,7.81e+00,32400,-0.31,-3.8,-3.34,-7.14,157177255
O9Ia0,71.8,3.19e+06,8.05e+01,27600,-0.29,-8.6,-2.91,-11.51,164185255
O9Ia,63.1,7.31e+05,3.85e+01,27600,-0.29,-7.0,-2.91,-9.91,164185255
O9Ib,54.5,3.19e+05,2.55e+01,27600,-0.29,-6.1,-2.91,-9.01,164185255
O9II,45.9,2.76e+05,1.98e+01,30200,-0.30,-5.7,-3.15,-8.85,160186255
O9III,37.3,1.59e+05,1.50e+01,30200,-0.30,-5.1,-3.15,-8.25,158177255
O9IV,28.6,1.10e+05,1.25e+01,30200,-0.30,-4.7,-3.15,-7.85,155177255
O9V,20.0,5.76e+04,9.04e+00,30200,-0.30,-4.0,-3.15,-7.15,154178255
O9VI,6.7,3.31e+04,6.85e+00,30200,-0.30,-3.4,-3.15,-6.55,154178255
B0Ia0,50.1,2.28e+06,8.30e+01,25000,-0.27,-8.5,-2.65,-11.15,161189255
B0Ia,44.7,5.73e+05,4.16e+01,25000,-0.27,-7.0,-2.65,-9.65,161189255
B0Ib,39.2,2.28e+05,2.62e+01,25000,-0.27,-6.0,-2.65,-8.65,161189255
B0II,33.8,1.90e+05,1.91e+01,28000,-0.29,-5.5,-2.95,-8.45,162188255
B0III,28.4,1.09e+05,1.45e+01,28000,-0.29,-4.9,-2.95,-7.85,158177255
B0IV,22.9,7.57e+04,1.21e+01,28000,-0.29,-4.5,-2.95,-7.45,156179255
B0V,17.5,3.62e+04,8.34e+00,28000,-0.29,-3.7,-2.95,-6.65,156178255
B0VI,5.9,1.90e+04,6.04e+00,28000,-0.29,-3.0,-2.95,-5.95,156178255
B1Ia0,45.1,2.02e+06,8.62e+01,23790,-0.26,-8.5,-2.51,-11.01,168193255
B1Ia,40.0,5.07e+05,4.32e+01,23790,-0.26,-7.0,-2.51,-9.51,168193255
B1Ib,34.8,1.84e+05,2.60e+01,23790,-0.26,-5.9,-2.51,-8.41,168193255
B1II,29.7,1.34e+05,1.83e+01,26190,-0.28,-5.3,-2.77,-8.07,163190255
B1III,24.5,5.34e+04,1.16e+01,26190,-0.28,-4.3,-2.77,-7.07,158177255
B1IV,19.4,3.70e+04,9.63e+00,26190,-0.28,-3.9,-2.77,-6.67,157180255
B1V,14.2,1.94e+04,6.97e+00,26190,-0.28,-3.2,-2.77,-5.97,160182255
B1VI,5.2,1.02e+04,5.05e+00,26190,-0.28,-2.5,-2.77,-5.27,160182255
B2Ia0,40.1,1.62e+06,8.57e+01,22580,-0.25,-8.4,-2.37,-10.77,177196255
B2Ia,35.2,4.46e+05,4.50e+01,22580,-0.25,-7.0,-2.37,-9.37,177196255
B2Ib,30.4,1.62e+05,2.71e+01,22580,-0.25,-5.9,-2.37,-8.27,177196255
B2II,25.5,9.36e+04,1.77e+01,24380,-0.27,-5.1,-2.58,-7.68,165192255
B2III,20.6,2.83e+04,9.71e+00,24380,-0.27,-3.8,-2.58,-6.38,159180255
B2IV,15.8,1.96e+04,8.08e+00,24380,-0.27,-3.4,-2.58,-5.98,159179255
B2V,10.9,9.36e+03,5.59e+00,24380,-0.27,-2.6,-2.58,-5.18,160180255
B2VI,4.5,5.39e+03,4.24e+00,24380,-0.27,-2.0,-2.58,-4.58,160180255
B3Ia0,35.1,1.42e+06,8.95e+01,21370,-0.24,-8.4,-2.23,-10.63,175194255
B3Ia,30.5,4.28e+05,4.92e+01,21370,-0.24,-7.1,-2.23,-9.33,175194255
B3Ib,25.9,1.29e+05,2.70e+01,21370,-0.24,-5.8,-2.23,-8.03,175194255
B3II,21.4,6.45e+04,1.71e+01,22570,-0.25,-4.9,-2.37,-7.27,168193255
B3III,16.8,1.35e+04,7.82e+00,22570,-0.25,-3.2,-2.37,-5.57,163187255
B3IV,12.2,9.32e+03,6.51e+00,22570,-0.25,-2.8,-2.37,-5.17,166188255
B3V,7.6,4.89e+03,4.71e+00,22570,-0.25,-2.1,-2.37,-4.47,165185255
B3VI,3.8,2.57e+03,3.41e+00,22570,-0.25,-1.4,-2.37,-3.77,165185255
B4Ia0,30.1,1.23e+06,9.37e+01,20160,-0.23,-8.4,-2.07,-10.47,187203255
B4Ia,26.2,3.38e+05,4.92e+01,20160,-0.23,-7.0,-2.07,-9.07,187203255
B4Ib,22.3,1.12e+05,2.83e+01,20160,-0.23,-5.8,-2.07,-7.87,187203255
B4II,18.4,4.37e+04,1.67e+01,20760,-0.24,-4.7,-2.15,-6.85,172194255
B4III,14.5,6.93e+03,6.63e+00,20760,-0.24,-2.7,-2.15,-4.85,166188255
B4IV,10.6,4.79e+03,5.52e+00,20760,-0.24,-2.3,-2.15,-4.45,169190255
B4V,6.7,2.29e+03,3.82e+00,20760,-0.24,-1.5,-2.15,-3.65,164184255
B4VI,3.4,1.32e+03,2.89e+00,20760,-0.24,-0.9,-2.15,-3.05,164184255
B5Ia0,25.1,9.65e+05,9.39e+01,18950,-0.22,-8.3,-1.91,-10.21,179202255
B5Ia,21.9,2.91e+05,5.16e+01,18950,-0.22,-7.0,-1.91,-8.91,179202255
B5Ib,18.7,8.80e+04,2.84e+01,18950,-0.22,-5.7,-1.91,-7.61,179202255
B5II,15.5,2.91e+04,1.63e+01,18950,-0.22,-4.5,-1.91,-6.41,175195255
B5III,12.3,3.19e+03,5.40e+00,18950,-0.22,-2.1,-1.91,-4.01,168189255
B5IV,9.1,2.21e+03,4.50e+00,18950,-0.22,-1.7,-1.91,-3.61,172192255
B5V,5.9,1.16e+03,3.26e+00,18950,-0.22,-1.0,-1.91,-2.91,170191255
B5VI,2.9,6.67e+02,2.47e+00,18950,-0.22,-0.4,-1.91,-2.31,170191255
B6Ia0,23.2,7.58e+05,1.02e+02,17140,-0.20,-8.3,-1.65,-9.95,191207255
B6Ia,20.2,2.29e+05,5.59e+01,17140,-0.20,-7.0,-1.65,-8.65,191207255
B6Ib,17.2,6.31e+04,2.94e+01,17140,-0.20,-5.6,-1.65,-7.25,191207255
B6II,14.2,1.74e+04,1.54e+01,17140,-0.20,-4.2,-1.65,-5.85,177196255
B6III,11.2,1.74e+03,4.87e+00,17140,-0.20,-1.7,-1.65,-3.35,170190255
B6IV,8.2,1.20e+03,4.05e+00,17140,-0.20,-1.3,-1.65,-2.95,175194255
B6V,5.2,6.92e+02,3.07e+00,17140,-0.20,-0.7,-1.65,-2.35,172189255
B6VI,2.7,3.63e+02,2.23e+00,17140,-0.20,0.0,-1.65,-1.65,172189255
B7Ia0,21.4,5.33e+05,1.07e+02,15330,-0.18,-8.2,-1.37,-9.57,195209255
B7Ia,18.6,1.93e+05,6.43e+01,15330,-0.18,-7.1,-1.37,-8.47,195209255
B7Ib,15.8,4.43e+04,3.08e+01,15330,-0.18,-5.5,-1.37,-6.87,195209255
B7II,12.9,1.11e+04,1.54e+01,15330,-0.18,-4.0,-1.37,-5.37,179198255
B7III,10.1,1.01e+03,4.66e+00,15330,-0.18,-1.4,-1.37,-2.77,171191255
B7IV,7.3,6.40e+02,3.70e+00,15330,-0.18,-0.9,-1.37,-2.27,170189255
B7V,4.5,4.04e+02,2.94e+00,15330,-0.18,-0.4,-1.37,-1.77,173191255
B7VI,2.5,1.93e+02,2.03e+00,15330,-0.18,0.4,-1.37,-0.97,173191255
B8Ia0,19.5,3.67e+05,1.14e+02,13520,-0.15,-8.1,-1.06,-9.16,182206255
B8Ia,16.9,1.60e+05,7.52e+01,13520,-0.15,-7.2,-1.06,-8.26,182206255
B8Ib,14.3,3.34e+04,3.44e+01,13520,-0.15,-5.5,-1.06,-6.56,182206255
B8II,11.7,6.99e+03,1.57e+01,13520,-0.15,-3.8,-1.06,-4.86,181199255
B8III,9.0,5.30e+02,4.33e+00,13520,-0.15,-1.0,-1.06,-2.06,175193255
B8IV,6.4,3.34e+02,3.44e+00,13520,-0.15,-0.5,-1.06,-1.56,175193255
B8V,3.8,2.11e+02,2.73e+00,13520,-0.15,0.0,-1.06,-1.06,177195255
B8VI,2.4,1.01e+02,1.89e+00,13520,-0.15,0.8,-1.06,-0.26,177195255
B9Ia0,17.7,2.73e+05,1.31e+02,11710,-0.11,-8.1,-0.74,-8.84,204216255
B9Ia,15.3,1.31e+05,9.05e+01,11710,-0.11,-7.3,-0.74,-8.04,204216255
B9Ib,12.9,2.27e+04,3.77e+01,11710,-0.11,-5.4,-0.74,-6.14,204216255
B9II,10.5,4.32e+03,1.65e+01,11710,-0.11,-3.6,-0.74,-4.34,182201255
B9III,8.1,2.99e+02,4.33e+00,11710,-0.11,-0.7,-0.74,-1.44,178195255
B9IV,5.7,1.72e+02,3.29e+00,11710,-0.11,-0.1,-0.74,-0.84,180197255
B9V,3.4,1.19e+02,2.73e+00,11710,-0.11,0.3,-0.74,-0.44,181198255
B9VI,2.1,5.20e+01,1.81e+00,11710,-0.11,1.2,-0.74,0.46,181198255
A0Ia0,15.8,1.86e+05,1.51e+02,9900,-0.06,-8.0,-0.42,-8.42,187206255
A0Ia,13.7,1.07e+05,1.14e+02,9900,-0.06,-7.4,-0.42,-7.82,187206255
A0Ib,11.5,1.54e+04,4.35e+01,9900,-0.06,-5.3,-0.42,-5.72,187206255
A0II,9.4,2.68e+03,1.81e+01,9900,-0.06,-3.4,-0.42,-3.82,184202255
A0III,7.2,1.54e+02,4.35e+00,9900,-0.06,-0.3,-0.42,-0.72,188205255
A0IV,5.1,8.88e+01,3.30e+00,9900,-0.06,0.3,-0.42,-0.12,179197255
A0V,2.9,6.74e+01,2.88e+00,9900,-0.06,0.6,-0.42,0.18,185201255
A0VI,1.9,2.68e+01,1.81e+00,9900,-0.06,1.6,-0.42,1.18,185201255
A1Ia0,15.2,1.98e+05,1.62e+02,9707,-0.06,-8.1,-0.39,-8.49,214223255
A1Ia,13.1,1.14e+05,1.23e+02,9707,-0.06,-7.5,-0.39,-7.89,214223255
A1Ib,11.0,1.50e+04,4.46e+01,9707,-0.06,-5.3,-0.39,-5.69,214223255
A1II,8.9,2.35e+03,1.79e+01,9650,-0.06,-3.3,-0.38,-3.68,186204255
A1III,6.9,1.24e+02,4.10e+00,9650,-0.06,-0.1,-0.38,-0.48,188204255
A1IV,4.8,7.11e+01,3.11e+00,9650,-0.06,0.5,-0.38,0.12,183200255
A1V,2.7,4.92e+01,2.59e+00,9650,-0.06,0.9,-0.38,0.52,181199255
A1VI,1.8,1.96e+01,1.63e+00,9650,-0.06,1.9,-0.38,1.52,181199255
A2Ia0,14.5,2.10e+05,1.74e+02,9513,-0.05,-8.2,-0.36,-8.56,199214255
A2Ia,12.5,1.21e+05,1.32e+02,9513,-0.05,-7.6,-0.36,-7.96,199214255
A2Ib,10.5,1.33e+04,4.37e+01,9513,-0.05,-5.2,-0.36,-5.56,199214255
A2II,8.5,2.07e+03,1.77e+01,9400,-0.05,-3.2,-0.34,-3.54,188205255
A2III,6.5,9.90e+01,3.87e+00,9400,-0.05,0.1,-0.34,-0.24,189204255
A2IV,4.5,5.70e+01,2.93e+00,9400,-0.05,0.7,-0.34,0.36,186202255
A2V,2.5,3.94e+01,2.44e+00,9400,-0.05,1.1,-0.34,0.76,187203255
A2VI,1.8,1.57e+01,1.54e+00,9400,-0.05,2.1,-0.34,1.76,187203255
A3Ia0,13.9,2.24e+05,1.87e+02,9320,-0.05,-8.3,-0.33,-8.63,207219255
A3Ia,12.0,1.29e+05,1.42e+02,9320,-0.05,-7.7,-0.33,-8.03,207219255
A3Ib,10.0,1.29e+04,4.49e+01,9320,-0.05,-5.2,-0.33,-5.53,207219255
A3II,8.1,1.66e+03,1.67e+01,9150,-0.04,-3.0,-0.30,-3.30,190207255
A3III,6.2,8.71e+01,3.83e+00,9150,-0.04,0.2,-0.30,-0.10,189203255
A3IV,4.3,4.17e+01,2.65e+00,9150,-0.04,1.0,-0.30,0.70,190205255
A3V,2.4,2.89e+01,2.20e+00,9150,-0.04,1.4,-0.30,1.10,191207255
A3VI,1.8,1.15e+01,1.39e+00,9150,-0.04,2.4,-0.30,2.10,191207255
A4Ia0,13.2,2.39e+05,2.02e+02,9127,-0.04,-8.4,-0.30,-8.70,215224255
A4Ia,11.4,1.38e+05,1.53e+02,9127,-0.04,-7.8,-0.30,-8.10,215224255
A4Ib,9.5,1.14e+04,4.41e+01,9127,-0.04,-5.1,-0.30,-5.40,215224255
A4II,7.7,1.46e+03,1.66e+01,8900,0.00,-2.9,-0.26,-3.16,192208255
A4III,5.8,7.00e+01,3.63e+00,8900,0.00,0.4,-0.26,0.14,196209255
A4IV,4.0,3.35e+01,2.51e+00,8900,0.00,1.2,-0.26,0.94,195210255
A4V,2.1,2.32e+01,2.09e+00,8900,0.00,1.6,-0.26,1.34,197211255
A4VI,1.7,9.23e+00,1.32e+00,8900,0.00,2.6,-0.26,2.34,197211255
A5Ia0,12.6,2.55e+05,2.17e+02,8933,-0.00,-8.5,-0.27,-8.77,223229255
A5Ia,10.8,1.61e+05,1.73e+02,8933,-0.00,-8.0,-0.27,-8.27,223229255
A5Ib,9.0,1.11e+04,4.54e+01,8933,-0.00,-5.1,-0.27,-5.37,223229255
A5II,7.2,1.29e+03,1.65e+01,8650,0.05,-2.8,-0.23,-3.03,194210255
A5III,5.4,5.64e+01,3.45e+00,8650,0.05,0.6,-0.23,0.37,202215255
A5IV,3.7,2.70e+01,2.38e+00,8650,0.05,1.4,-0.23,1.17,212220255
A5V,1.9,1.70e+01,1.89e+00,8650,0.05,1.9,-0.23,1.67,202215255
A5VI,1.6,6.78e+00,1.20e+00,8650,0.05,2.9,-0.23,2.67,202215255
A6Ia0,12.6,2.49e+05,2.24e+02,8740,0.03,-8.5,-0.24,-8.74,219226255
A6Ia,10.8,1.89e+05,1.95e+02,8740,0.03,-8.2,-0.24,-8.44,219226255
A6Ib,9.0,1.09e+04,4.69e+01,8740,0.03,-5.1,-0.24,-5.34,219226255
A6II,7.2,1.14e+03,1.65e+01,8400,0.09,-2.7,-0.20,-2.90,196211255
A6III,5.4,4.55e+01,3.28e+00,8400,0.09,0.8,-0.20,0.60,209219255
A6IV,3.6,2.18e+01,2.27e+00,8400,0.09,1.6,-0.20,1.40,202214255
A6V,1.8,1.51e+01,1.89e+00,8400,0.09,2.0,-0.20,1.80,199212255
A6VI,1.6,5.47e+00,1.14e+00,8400,0.09,3.1,-0.20,2.90,199212255
A7Ia0,12.6,2.67e+05,2.43e+02,8547,0.07,-8.6,-0.21,-8.81,215223255
A7Ia,10.8,2.22e+05,2.21e+02,8547,0.07,-8.4,-0.21,-8.61,215223255
A7Ib,9.0,1.06e+04,4.84e+01,8547,0.07,-5.1,-0.21,-5.31,215223255
A7II,7.2,1.11e+03,1.72e+01,8150,0.14,-2.7,-0.17,-2.87,197213255
A7III,5.4,3.68e+01,3.14e+00,8150,0.14,1.0,-0.17,0.83,210219255
A7IV,3.6,1.93e+01,2.27e+00,8150,0.14,1.7,-0.17,1.53,192207255
A7V,1.8,1.22e+01,1.81e+00,8150,0.14,2.2,-0.17,2.03,200213255
A7VI,1.5,4.43e+00,1.09e+00,8150,0.14,3.3,-0.17,3.13,200213255
A8Ia0,12.6,2.60e+05,2.51e+02,8353,0.10,-8.6,-0.19,-8.79,210221255
A8Ia,10.8,2.38e+05,2.40e+02,8353,0.10,-8.5,-0.19,-8.69,210221255
A8Ib,9.0,1.04e+04,5.01e+01,8353,0.10,-5.1,-0.19,-5.29,210221255
A8II,7.2,9.90e+02,1.73e+01,7900,0.19,-2.6,-0.14,-2.74,199214255
A8III,5.4,3.28e+01,3.15e+00,7900,0.19,1.1,-0.14,0.96,209219255
A8IV,3.6,1.57e+01,2.18e+00,7900,0.19,1.9,-0.14,1.76,208217255
A8V,1.8,1.09e+01,1.81e+00,7900,0.19,2.3,-0.14,2.16,213222255
A8VI,1.5,3.59e+00,1.04e+00,7900,0.19,3.5,-0.14,3.36,213222255
A9Ia0,12.6,2.80e+05,2.73e+02,8160,0.14,-8.7,-0.17,-8.87,206218255
A9Ia,10.8,2.33e+05,2.49e+02,8160,0.14,-8.5,-0.17,-8.67,206218255
A9Ib,9.0,1.02e+04,5.20e+01,8160,0.14,-5.1,-0.17,-5.27,206218255
A9II,7.1,9.70e+02,1.83e+01,7650,0.24,-2.6,-0.12,-2.72,201216255
A9III,5.3,2.67e+01,3.03e+00,7650,0.24,1.3,-0.12,1.18,209219255
A9IV,3.5,1.40e+01,2.20e+00,7650,0.24,2.0,-0.12,1.88,224227255
A9V,1.7,8.85e+00,1.75e+00,7650,0.24,2.5,-0.12,2.38,219224255
A9VI,1.4,2.93e+00,1.00e+00,7650,0.24,3.7,-0.12,3.58,219224255
F0Ia0,12.6,2.74e+05,2.83e+02,7967,0.18,-8.7,-0.15,-8.85,202215255
F0Ia,10.8,2.28e+05,2.58e+02,7967,0.18,-8.5,-0.15,-8.65,202215255
F0Ib,8.9,9.96e+03,5.40e+01,7967,0.18,-5.1,-0.15,-5.25,202215255
F0II,7.1,8.70e+02,1.85e+01,7400,0.30,-2.5,-0.10,-2.60,203217255
F0III,5.3,2.19e+01,2.93e+00,7400,0.30,1.5,-0.10,1.40,213222255
F0IV,3.4,1.15e+01,2.12e+00,7400,0.30,2.2,-0.10,2.10,218224255
F0V,1.6,7.94e+00,1.77e+00,7400,0.30,2.6,-0.10,2.50,224229255
F0VI,1.4,2.40e+00,9.71e-01,7400,0.30,3.9,-0.10,3.80,224229255
F1Ia0,12.1,2.96e+05,3.09e+02,7773,0.22,-8.8,-0.13,-8.93,223229255
F1Ia,10.3,2.24e+05,2.69e+02,7773,0.22,-8.5,-0.13,-8.63,223229255
F1Ib,8.6,9.79e+03,5.62e+01,7773,0.22,-5.1,-0.13,-5.23,223229255
F1II,6.8,8.65e+02,1.92e+01,7260,0.33,-2.5,-0.09,-2.59,216225255
F1III,5.1,2.17e+01,3.04e+00,7260,0.33,1.5,-0.09,1.41,227232255
F1IV,3.3,1.25e+01,2.30e+00,7260,0.33,2.1,-0.09,2.01,223227255
F1V,1.6,6.56e+00,1.67e+00,7260,0.33,2.8,-0.09,2.71,230234255
F1VI,1.3,1.98e+00,9.17e-01,7260,0.33,4.1,-0.09,4.01,230234255
F2Ia0,11.6,2.91e+05,3.23e+02,7580,0.26,-8.8,-0.11,-8.91,244243255
F2Ia,9.9,2.02e+05,2.68e+02,7580,0.26,-8.4,-0.11,-8.51,244243255
F2Ib,8.2,8.80e+03,5.61e+01,7580,0.26,-5.0,-0.11,-5.11,244243255
F2II,6.5,8.60e+02,1.99e+01,7120,0.36,-2.5,-0.09,-2.59,229233255
F2III,4.9,1.97e+01,3.01e+00,7120,0.36,1.6,-0.09,1.51,241241255
F2IV,3.2,1.49e+01,2.62e+00,7120,0.36,1.9,-0.09,1.81,227230255
F2V,1.5,5.95e+00,1.65e+00,7120,0.36,2.9,-0.09,2.81,236239255
F2VI,1.3,1.64e+00,8.67e-01,7120,0.36,4.3,-0.09,4.21,236239255
F3Ia0,11.0,3.16e+05,3.54e+02,7387,0.30,-8.9,-0.10,-9.00,236237255
F3Ia,9.4,1.99e+05,2.81e+02,7387,0.30,-8.4,-0.10,-8.50,236237255
F3Ib,7.9,8.70e+03,5.87e+01,7387,0.30,-5.0,-0.10,-5.10,236237255
F3II,6.3,7.82e+02,1.97e+01,6980,0.39,-2.4,-0.08,-2.48,235237255
F3III,4.7,1.96e+01,3.12e+00,6980,0.39,1.6,-0.08,1.52,241241255
F3IV,3.1,1.63e+01,2.85e+00,6980,0.39,1.8,-0.08,1.72,227230255
F3V,1.5,4.94e+00,1.57e+00,6980,0.39,3.1,-0.08,3.02,230233255
F3VI,1.2,1.49e+00,8.60e-01,6980,0.39,4.4,-0.08,4.32,230233255
F4Ia0,10.5,3.43e+05,3.89e+02,7193,0.34,-9.0,-0.09,-9.09,227231255
F4Ia,9.0,1.80e+05,2.82e+02,7193,0.34,-8.3,-0.09,-8.39,227231255
F4Ib,7.5,7.86e+03,5.89e+01,7193,0.34,-4.9,-0.09,-4.99,227231255
F4II,6.0,7.81e+02,2.05e+01,6840,0.42,-2.4,-0.08,-2.48,241241255
F4III,4.5,1.96e+01,3.25e+00,6840,0.42,1.6,-0.08,1.52,241240255
F4IV,3.0,1.96e+01,3.25e+00,6840,0.42,1.6,-0.08,1.52,234235255
F4V,1.4,4.50e+00,1.56e+00,6840,0.42,3.2,-0.08,3.12,224226255
F4VI,1.1,1.24e+00,8.17e-01,6840,0.42,4.6,-0.08,4.52,224226255
F5Ia0,10.0,3.74e+05,4.29e+02,7000,0.39,-9.1,-0.08,-9.18,219225255
F5Ia,8.6,1.63e+05,2.83e+02,7000,0.39,-8.2,-0.08,-8.28,219225255
F5Ib,7.1,7.82e+03,6.20e+01,7000,0.39,-4.9,-0.08,-4.98,219225255
F5II,5.7,7.83e+02,2.14e+01,6700,0.46,-2.4,-0.08,-2.48,247242255
F5III,4.3,2.16e+01,3.55e+00,6700,0.46,1.5,-0.08,1.42,242240255
F5IV,2.8,2.16e+01,3.55e+00,6700,0.46,1.5,-0.08,1.42,241239255
F5V,1.4,3.75e+00,1.48e+00,6700,0.46,3.4,-0.08,3.32,248247255
F5VI,1.1,1.03e+00,7.77e-01,6700,0.46,4.8,-0.08,4.72,248247255
F6Ia0,10.0,3.74e+05,4.60e+02,6760,0.44,-9.1,-0.08,-9.18,255234252
F6Ia,8.6,1.49e+05,2.90e+02,6760,0.44,-8.1,-0.08,-8.18,255234252
F6Ib,7.1,7.82e+03,6.64e+01,6760,0.44,-4.9,-0.08,-4.98,255234252
F6II,5.7,7.86e+02,2.24e+01,6560,0.49,-2.4,-0.09,-2.49,253249255
F6III,4.2,2.37e+01,3.89e+00,6560,0.49,1.4,-0.09,1.31,241240255
F6IV,2.8,1.64e+01,3.23e+00,6560,0.49,1.8,-0.09,1.71,241239255
F6V,1.3,3.13e+00,1.41e+00,6560,0.49,3.6,-0.09,3.51,244241255
F6VI,1.0,8.62e-01,7.41e-01,6560,0.49,5.0,-0.09,4.91,244241255
F7Ia0,10.0,4.13e+05,5.19e+02,6520,0.50,-9.2,-0.09,-9.29,255243250
F7Ia,8.5,1.37e+05,2.99e+02,6520,0.50,-8.0,-0.09,-8.09,255243250
F7Ib,7.1,7.18e+03,6.84e+01,6520,0.50,-4.8,-0.09,-4.89,255243250
F7II,5.6,7.91e+02,2.34e+01,6420,0.52,-2.4,-0.10,-2.50,255250251
F7III,4.2,2.62e+01,4.26e+00,6420,0.52,1.3,-0.10,1.20,241240255
F7IV,2.7,1.25e+01,2.95e+00,6420,0.52,2.1,-0.10,2.00,240239255
F7V,1.3,2.62e+00,1.35e+00,6420,0.52,3.8,-0.10,3.70,246243255
F7VI,1.0,7.91e-01,7.41e-01,6420,0.52,5.1,-0.10,5.00,246243255
F8Ia0,10.0,4.19e+05,5.64e+02,6280,0.56,-9.2,-0.11,-9.31,255252247
F8Ia,8.5,1.27e+05,3.10e+02,6280,0.56,-7.9,-0.11,-8.01,255252247
F8Ib,7.1,7.29e+03,7.43e+01,6280,0.56,-4.8,-0.11,-4.91,255252247
F8II,5.6,7.29e+02,2.35e+01,6280,0.56,-2.3,-0.11,-2.41,255248245
F8III,4.1,2.90e+01,4.69e+00,6280,0.56,1.2,-0.11,1.09,252248255
F8IV,2.7,1.05e+01,2.83e+00,6280,0.56,2.3,-0.11,2.19,255252253
F8V,1.2,2.41e+00,1.35e+00,6280,0.56,3.9,-0.11,3.79,255247252
F8VI,1.0,6.65e-01,7.10e-01,6280,0.56,5.3,-0.11,5.19,255247252
F9Ia0,10.0,4.73e+05,6.54e+02,6011,0.63,-9.3,-0.14,-9.44,255246233
F9Ia,8.5,1.30e+05,3.43e+02,6011,0.63,-7.9,-0.14,-8.04,255246233
F9Ib,7.0,6.84e+03,7.86e+01,6011,0.63,-4.7,-0.14,-4.84,255246233
F9II,5.6,7.39e+02,2.48e+01,6140,0.60,-2.3,-0.12,-2.42,255246239
F9III,4.1,3.22e+01,5.17e+00,6140,0.60,1.1,-0.12,0.98,255246245
F9IV,2.6,8.10e+00,2.59e+00,6140,0.60,2.6,-0.12,2.48,255250249
F9V,1.1,2.03e+00,1.30e+00,6140,0.60,4.1,-0.12,3.98,255247252
F9VI,0.9,6.14e-01,7.14e-01,6140,0.60,5.4,-0.12,5.28,255247252
G0Ia0,10.0,4.95e+05,7.32e+02,5743,0.70,-9.3,-0.19,-9.49,255239219
G0Ia,6.3,1.24e+05,3.67e+02,5743,0.70,-7.8,-0.19,-7.99,255239219
G0Ib,2.5,7.15e+03,8.81e+01,5743,0.70,-4.7,-0.19,-4.89,255239219
G0II,2.1,7.84e+02,2.92e+01,5743,0.70,-2.3,-0.19,-2.49,255244233
G0III,1.8,3.75e+01,6.38e+00,5743,0.70,1.0,-0.19,0.81,255242233
G0IV,1.4,6.25e+00,2.38e+00,6000,0.63,2.9,-0.14,2.76,255248245
G0V,1.1,1.72e+00,1.25e+00,6000,0.63,4.3,-0.14,4.16,255248252
G0VI,0.9,5.20e-01,6.88e-01,6000,0.63,5.6,-0.14,5.46,255248252
G1Ia0,10.5,5.27e+05,8.32e+02,5474,0.78,-9.3,-0.25,-9.55,255238212
G1Ia,6.6,1.32e+05,4.17e+02,5474,0.78,-7.8,-0.25,-8.05,255238212
G1Ib,2.6,7.62e+03,1.00e+02,5474,0.78,-4.7,-0.25,-4.95,255238212
G1II,2.2,8.35e+02,3.31e+01,5474,0.78,-2.3,-0.25,-2.55,255243227
G1III,1.8,4.38e+01,7.59e+00,5474,0.78,0.9,-0.25,0.65,255243233
G1IV,1.4,6.35e+00,2.50e+00,5890,0.66,2.9,-0.16,2.74,255246244
G1V,1.0,1.46e+00,1.19e+00,5890,0.66,4.5,-0.16,4.34,255247248
G1VI,0.9,4.40e-01,6.56e-01,5890,0.66,5.8,-0.16,5.64,255247248
G2Ia0,11.0,5.73e+05,9.59e+02,5206,0.86,-9.3,-0.35,-9.65,255236205
G2Ia,6.9,1.31e+05,4.59e+02,5206,0.86,-7.7,-0.35,-8.05,255236205
G2Ib,2.8,8.29e+03,1.15e+02,5206,0.86,-4.7,-0.35,-5.05,255236205
G2II,2.3,9.09e+02,3.82e+01,5206,0.86,-2.3,-0.35,-2.65,255241221
G2III,1.9,5.23e+01,9.16e+00,5206,0.86,0.8,-0.35,0.45,255243233
G2IV,1.4,6.48e+00,2.62e+00,5780,0.69,2.9,-0.18,2.72,255244242
G2V,1.0,1.23e+00,1.14e+00,5780,0.69,4.7,-0.18,4.52,255245242
G2VI,0.9,3.73e-01,6.28e-01,5780,0.69,6.0,-0.18,5.82,255245242
G3Ia0,11.5,7.03e+05,1.18e+03,4937,0.94,-9.4,-0.47,-9.87,255231203
G3Ia,7.2,1.47e+05,5.40e+02,4937,0.94,-7.7,-0.47,-8.17,255231203
G3Ib,2.9,8.46e+03,1.30e+02,4937,0.94,-4.6,-0.47,-5.07,255231203
G3II,2.4,1.11e+03,4.70e+01,4937,0.94,-2.4,-0.47,-2.87,255239215
G3III,1.9,7.03e+01,1.18e+01,4937,0.94,0.6,-0.47,0.13,255243233
G3IV,1.5,6.04e+00,2.63e+00,5670,0.72,3.0,-0.20,2.80,255238226
G3V,1.0,1.15e+00,1.15e+00,5670,0.72,4.8,-0.20,4.60,255243236
G3VI,0.8,3.48e-01,6.30e-01,5670,0.72,6.1,-0.20,5.90,255243236
G4Ia0,12.0,8.13e+05,1.42e+03,4669,1.03,-9.4,-0.62,-10.02,255231193
G4Ia,7.5,1.70e+05,6.49e+02,4669,1.03,-7.7,-0.62,-8.32,255231193
G4Ib,3.0,9.77e+03,1.56e+02,4669,1.03,-4.6,-0.62,-5.22,255231193
G4II,2.5,1.29e+03,5.65e+01,4669,1.03,-2.4,-0.62,-3.02,255237209
G4III,2.0,8.91e+01,1.49e+01,4669,1.03,0.5,-0.62,-0.12,255243233
G4IV,1.5,6.20e+00,2.76e+00,5560,0.75,3.0,-0.23,2.77,255245238
G4V,0.9,9.82e-01,1.10e+00,5560,0.75,5.0,-0.23,4.77,255241229
G4VI,0.8,2.97e-01,6.05e-01,5560,0.75,6.3,-0.23,6.07,255241229
G5Ia0,12.5,1.07e+06,1.84e+03,4400,1.13,-9.5,-0.83,-10.33,255230183
G5Ia,7.8,1.86e+05,7.66e+02,4400,1.13,-7.6,-0.83,-8.43,255230183
G5Ib,3.2,1.18e+04,1.92e+02,4400,1.13,-4.6,-0.83,-5.43,255230183
G5II,2.6,1.55e+03,6.99e+01,4400,1.13,-2.4,-0.83,-3.23,255235203
G5III,2.0,1.18e+02,1.92e+01,4400,1.13,0.4,-0.83,-0.43,255236211
G5IV,1.5,6.38e+00,2.92e+00,5450,0.79,3.0,-0.26,2.74,255235213
G5V,0.9,8.41e-01,1.06e+00,5450,0.79,5.2,-0.26,4.94,255244234
G5VI,0.8,2.54e-01,5.83e-01,5450,0.79,6.5,-0.26,6.24,255244234
G6Ia0,12.5,1.12e+06,1.93e+03,4343,1.15,-9.5,-0.88,-10.38,255227178
G6Ia,7.9,1.95e+05,8.04e+02,4343,1.15,-7.6,-0.88,-8.48,255227178
G6Ib,3.3,1.23e+04,2.02e+02,4343,1.15,-4.6,-0.88,-5.48,255227178
G6II,2.7,1.62e+03,7.33e+01,4343,1.15,-2.4,-0.88,-3.28,255233198
G6III,2.1,1.23e+02,2.02e+01,4343,1.15,0.4,-0.88,-0.48,255236215
G6IV,1.5,6.59e+00,3.09e+00,5340,0.82,3.0,-0.30,2.70,255242234
G6V,0.9,7.92e-01,1.07e+00,5340,0.82,5.3,-0.30,5.00,255244235
G6VI,0.8,2.18e-01,5.62e-01,5340,0.82,6.7,-0.30,6.40,255244235
G7Ia0,12.5,1.18e+06,2.03e+03,4286,1.17,-9.5,-0.93,-10.43,255223172
G7Ia,8.0,2.05e+05,8.46e+02,4286,1.17,-7.6,-0.93,-8.53,255223172
G7Ib,3.5,1.29e+04,2.12e+02,4286,1.17,-4.6,-0.93,-5.53,255223172
G7II,2.8,1.70e+03,7.71e+01,4286,1.17,-2.4,-0.93,-3.33,255231194
G7III,2.2,1.29e+02,2.12e+01,4286,1.17,0.4,-0.93,-0.53,255234207
G7IV,1.5,6.84e+00,3.28e+00,5230,0.85,3.0,-0.34,2.66,255231205
G7V,0.9,6.84e-01,1.04e+00,5230,0.85,5.5,-0.34,5.16,255244235
G7VI,0.7,2.06e-01,5.70e-01,5230,0.85,6.8,-0.34,6.46,255244235
G8Ia0,12.5,1.13e+06,2.04e+03,4229,1.19,-9.4,-0.98,-10.38,255220167
G8Ia,8.1,1.96e+05,8.51e+02,4229,1.19,-7.5,-0.98,-8.48,255220167
G8Ib,3.6,1.49e+04,2.34e+02,4229,1.19,-4.7,-0.98,-5.68,255220167
G8II,2.9,1.96e+03,8.51e+01,4229,1.19,-2.5,-0.98,-3.48,255229189
G8III,2.2,1.24e+02,2.14e+01,4229,1.19,0.5,-0.98,-0.48,255231199
G8IV,1.5,6.50e+00,3.34e+00,5120,0.89,3.1,-0.38,2.72,255233211
G8V,0.8,6.50e-01,1.06e+00,5120,0.89,5.6,-0.38,5.22,255237222
G8VI,0.7,1.79e-01,5.54e-01,5120,0.89,7.0,-0.38,6.62,255237222
G9Ia0,12.5,1.19e+06,2.16e+03,4171,1.21,-9.4,-1.04,-10.44,255221174
G9Ia,8.1,2.07e+05,8.98e+02,4171,1.21,-7.5,-1.04,-8.54,255221174
G9Ib,3.8,1.57e+04,2.47e+02,4171,1.21,-4.7,-1.04,-5.74,255221174
G9II,3.0,2.07e+03,8.98e+01,4171,1.21,-2.5,-1.04,-3.54,255227184
G9III,2.3,1.31e+02,2.26e+01,4171,1.21,0.5,-1.04,-0.54,255231196
G9IV,1.6,6.80e+00,3.57e+00,5010,0.92,3.1,-0.43,2.67,255229200
G9V,0.8,5.66e-01,1.03e+00,5010,0.92,5.8,-0.43,5.37,255239221
G9VI,0.7,1.71e-01,5.66e-01,5010,0.92,7.1,-0.43,6.67,255239221
K0Ia0,12.5,1.26e+06,2.28e+03,4114,1.24,-9.4,-1.10,-10.50,255221181
K0Ia,8.2,2.19e+05,9.50e+02,4114,1.24,-7.5,-1.10,-8.60,255221181
K0Ib,3.9,1.66e+04,2.62e+02,4114,1.24,-4.7,-1.10,-5.80,255221181
K0II,3.1,2.19e+03,9.50e+01,4114,1.24,-2.5,-1.10,-3.60,255226180
K0III,2.3,1.38e+02,2.39e+01,4114,1.24,0.5,-1.10,-0.60,255227190
K0IV,1.6,7.16e+00,3.83e+00,4900,0.96,3.1,-0.49,2.61,255225189
K0V,0.8,5.43e-01,1.05e+00,4900,0.96,5.9,-0.49,5.41,255238221
K0VI,0.7,1.50e-01,5.53e-01,4900,0.96,7.3,-0.49,6.81,255238221
K1Ia0,12.5,1.22e+06,2.30e+03,4057,1.26,-9.3,-1.17,-10.47,255220177
K1Ia,8.3,2.12e+05,9.60e+02,4057,1.26,-7.4,-1.17,-8.57,255220177
K1Ib,4.1,1.76e+04,2.77e+02,4057,1.26,-4.7,-1.17,-5.87,255220177
K1II,3.3,2.32e+03,1.01e+02,4057,1.26,-2.5,-1.17,-3.67,255224175
K1III,2.4,1.61e+02,2.64e+01,4057,1.26,0.4,-1.17,-0.77,255223181
K1IV,1.6,7.71e+00,4.21e+00,4760,1.00,3.1,-0.57,2.53,255216171
K1V,0.8,4.43e-01,1.01e+00,4760,1.00,6.2,-0.57,5.63,255224188
K1VI,0.6,1.34e-01,5.55e-01,4760,1.00,7.5,-0.57,6.93,255224188
K2Ia0,13.3,1.30e+06,2.44e+03,4000,1.28,-9.3,-1.23,-10.53,255211135
K2Ia,8.8,2.25e+05,1.02e+03,4000,1.28,-7.4,-1.23,-8.63,255211135
K2Ib,4.3,2.06e+04,3.08e+02,4000,1.28,-4.8,-1.23,-6.03,255211135
K2II,3.4,2.47e+03,1.07e+02,4000,1.28,-2.5,-1.23,-3.73,255222170
K2III,2.5,2.06e+02,3.08e+01,4000,1.28,0.2,-1.23,-1.03,255221175
K2IV,1.6,8.38e+00,4.66e+00,4620,1.05,3.1,-0.66,2.44,255229202
K2V,0.7,4.01e-01,1.02e+00,4620,1.05,6.4,-0.66,5.74,255227196
K2VI,0.6,1.21e-01,5.60e-01,4620,1.05,7.7,-0.66,7.04,255227196
K3Ia0,14.2,1.46e+06,2.72e+03,3900,1.32,-9.3,-1.36,-10.66,255204128
K3Ia,9.4,2.53e+05,1.14e+03,3900,1.32,-7.4,-1.36,-8.76,255204128
K3Ib,4.6,2.53e+04,3.59e+02,3900,1.32,-4.9,-1.36,-6.26,255204128
K3II,3.6,2.77e+03,1.19e+02,3900,1.32,-2.5,-1.36,-3.86,255220166
K3III,2.6,2.53e+02,3.59e+01,3900,1.32,0.1,-1.36,-1.26,255216167
K3IV,1.7,9.22e+00,5.19e+00,4480,1.10,3.1,-0.76,2.34,255219167
K3V,0.7,3.35e-01,9.90e-01,4480,1.10,6.7,-0.76,5.94,255222195
K3VI,0.6,1.01e-01,5.44e-01,4480,1.10,8.0,-0.76,7.24,255222195
K4Ia0,15.0,1.65e+06,3.06e+03,3800,1.36,-9.3,-1.50,-10.80,255201118
K4Ia,9.9,2.62e+05,1.22e+03,3800,1.36,-7.3,-1.50,-8.80,255201118
K4Ib,4.8,3.15e+04,4.22e+02,3800,1.36,-5.0,-1.50,-6.50,255201118
K4II,3.8,3.15e+03,1.33e+02,3800,1.36,-2.5,-1.50,-4.00,255218161
K4III,2.7,3.45e+02,4.42e+01,3800,1.36,-0.1,-1.50,-1.60,255211146
K4IV,1.7,1.03e+01,5.84e+00,4340,1.15,3.1,-0.88,2.22,255218166
K4V,0.7,3.10e-01,1.02e+00,4340,1.15,6.9,-0.88,6.02,255216181
K4VI,0.5,9.36e-02,5.58e-01,4340,1.15,8.2,-0.88,7.32,255216181
K5Ia0,15.8,1.90e+06,3.46e+03,3700,1.41,-9.3,-1.65,-10.95,255209154
K5Ia,10.4,3.01e+05,1.38e+03,3700,1.41,-7.3,-1.65,-8.95,255209154
K5Ib,5.0,3.96e+04,4.99e+02,3700,1.41,-5.1,-1.65,-6.75,255209154
K5II,3.9,3.62e+03,1.51e+02,3700,1.41,-2.5,-1.65,-4.15,255216156
K5III,2.8,4.35e+02,5.23e+01,3700,1.41,-0.2,-1.65,-1.85,255204138
K5IV,1.8,1.06e+01,6.33e+00,4200,1.20,3.2,-1.01,2.19,255217165
K5V,0.7,2.66e-01,1.00e+00,4200,1.20,7.2,-1.01,6.19,255210161
K5VI,0.5,8.80e-02,5.78e-01,4200,1.20,8.4,-1.01,7.39,255210161
K6Ia0,15.8,1.85e+06,3.38e+03,3717,1.40,-9.3,-1.62,-10.92,255208152
K6Ia,10.6,2.94e+05,1.35e+03,3717,1.40,-7.3,-1.62,-8.92,255208152
K6Ib,5.3,4.24e+04,5.12e+02,3717,1.40,-5.2,-1.62,-6.82,255208152
K6II,4.2,3.53e+03,1.48e+02,3717,1.40,-2.5,-1.62,-4.12,255214152
K6III,3.0,4.65e+02,5.36e+01,3717,1.40,-0.3,-1.62,-1.92,255206140
K6IV,1.8,1.22e+01,7.26e+00,4060,1.26,3.2,-1.16,2.04,255216164
K6V,0.6,2.11e-01,9.57e-01,4060,1.26,7.6,-1.16,6.44,255205152
K6VI,0.5,7.67e-02,5.77e-01,4060,1.26,8.7,-1.16,7.54,255205152
K7Ia0,15.8,1.81e+06,3.32e+03,3733,1.39,-9.3,-1.59,-10.89,255207150
K7Ia,10.7,2.62e+05,1.26e+03,3733,1.39,-7.2,-1.59,-8.79,255207150
K7Ib,5.7,4.55e+04,5.26e+02,3733,1.39,-5.3,-1.59,-6.89,255207150
K7II,4.4,3.45e+03,1.45e+02,3733,1.39,-2.5,-1.59,-4.09,255212147
K7III,3.1,4.99e+02,5.50e+01,3733,1.39,-0.4,-1.59,-1.99,255208142
K7IV,1.9,1.42e+01,8.43e+00,3920,1.31,3.2,-1.33,1.87,255216163
K7V,0.6,1.87e-01,9.67e-01,3920,1.31,7.9,-1.33,6.57,255199142
K7VI,0.4,6.80e-02,5.83e-01,3920,1.31,9.0,-1.33,7.67,255199142
K8Ia0,15.8,1.77e+06,3.25e+03,3750,1.38,-9.3,-1.57,-10.87,255206147
K8Ia,10.9,2.56e+05,1.23e+03,3750,1.38,-7.2,-1.57,-8.77,255206147
K8Ib,6.0,4.44e+04,5.15e+02,3750,1.38,-5.3,-1.57,-6.87,255206147
K8II,4.6,3.69e+03,1.48e+02,3750,1.38,-2.6,-1.57,-4.17,255210142
K8III,3.3,5.34e+02,5.64e+01,3750,1.38,-0.5,-1.57,-2.07,255206139
K8IV,1.9,1.70e+01,9.90e+00,3780,1.37,3.2,-1.52,1.68,255215162
K8V,0.6,1.55e-01,9.46e-01,3780,1.37,8.3,-1.52,6.78,255209174
K8VI,0.3,5.62e-02,5.70e-01,3780,1.37,9.4,-1.52,7.88,255209174
K9Ia0,15.8,1.83e+06,3.35e+03,3725,1.39,-9.3,-1.61,-10.91,255205145
K9Ia,11.1,2.65e+05,1.27e+03,3725,1.39,-7.2,-1.61,-8.81,255205145
K9Ib,6.3,5.04e+04,5.56e+02,3725,1.39,-5.4,-1.61,-7.01,255205145
K9II,4.9,3.83e+03,1.53e+02,3725,1.39,-2.6,-1.61,-4.21,255209138
K9III,3.4,6.06e+02,6.09e+01,3725,1.39,-0.6,-1.61,-2.21,255205135
K9IV,2.0,2.07e+01,1.18e+01,3640,1.43,3.2,-1.74,1.46,255214161
K9V,0.5,1.44e-01,9.82e-01,3640,1.43,8.6,-1.74,6.86,255202157
K9VI,0.3,4.33e-02,5.40e-01,3640,1.43,9.9,-1.74,8.16,255202157
M0Ia0,15.8,1.90e+06,3.46e+03,3700,1.41,-9.3,-1.65,-10.95,255204143
M0Ia,13.3,2.74e+05,1.31e+03,3700,1.41,-7.2,-1.65,-8.85,255204143
M0Ib,10.7,5.73e+04,6.00e+02,3700,1.41,-5.5,-1.65,-7.15,255204143
M0II,8.2,3.96e+03,1.58e+02,3700,1.41,-2.6,-1.65,-4.25,255207133
M0III,5.6,6.89e+02,6.58e+01,3700,1.41,-0.7,-1.65,-2.35,255203132
M0IV,3.1,2.60e+01,1.43e+01,3500,1.49,3.2,-1.99,1.21,255213160
M0V,0.5,1.25e-01,9.90e-01,3500,1.49,9.0,-1.99,7.01,255195139
M0VI,0.2,3.76e-02,5.44e-01,3500,1.49,10.3,-1.99,8.31,255195139
M1Ia0,15.1,2.56e+06,4.46e+03,3510,1.49,-9.3,-1.97,-11.27,255202138
M1Ia,12.7,3.37e+05,1.62e+03,3510,1.49,-7.1,-1.97,-9.07,255202138
M1Ib,10.2,7.73e+04,7.75e+02,3510,1.49,-5.5,-1.97,-7.47,255202138
M1II,7.8,5.86e+03,2.13e+02,3510,1.49,-2.7,-1.97,-4.67,255205128
M1III,5.3,9.29e+02,8.50e+01,3510,1.49,-0.7,-1.97,-2.67,255200121
M1IV,2.9,3.55e+01,1.84e+01,3333,1.57,3.2,-2.33,0.87,255212159
M1V,0.5,6.18e-02,7.68e-01,3333,1.57,10.1,-2.33,7.77,255204142
M1VI,0.2,1.86e-02,4.22e-01,3333,1.57,11.4,-2.33,9.07,255204142
M2Ia0,14.5,3.65e+06,5.95e+03,3320,1.58,-9.3,-2.36,-11.66,255193104
M2Ia,12.1,4.81e+05,2.16e+03,3320,1.58,-7.1,-2.36,-9.46,255193104
M2Ib,9.8,1.10e+05,1.03e+03,3320,1.58,-5.5,-2.36,-7.86,255193104
M2II,7.4,8.36e+03,2.85e+02,3320,1.58,-2.7,-2.36,-5.06,255203124
M2III,5.1,1.21e+03,1.08e+02,3320,1.58,-0.6,-2.36,-2.96,255198118
M2IV,2.7,5.09e+01,2.44e+01,3167,1.65,3.2,-2.72,0.48,255211157
M2V,0.4,3.21e-02,6.14e-01,3167,1.65,11.2,-2.72,8.48,255196131
M2VI,0.2,8.85e-03,3.22e-01,3167,1.65,12.6,-2.72,9.88,255196131
M3Ia0,13.8,5.07e+06,7.89e+03,3130,1.67,-9.2,-2.81,-12.01,255192118
M3Ia,11.6,7.33e+05,3.00e+03,3130,1.67,-7.1,-2.81,-9.91,255192118
M3Ib,9.3,1.68e+05,1.44e+03,3130,1.67,-5.5,-2.81,-8.31,255192118
M3II,7.1,1.40e+04,4.14e+02,3130,1.67,-2.8,-2.81,-5.61,255201119
M3III,4.8,1.84e+03,1.50e+02,3130,1.67,-0.6,-2.81,-3.41,255200119
M3IV,2.6,7.76e+01,3.36e+01,3000,1.74,3.2,-3.18,0.02,255210156
M3V,0.3,1.78e-02,5.09e-01,3000,1.74,12.3,-3.18,9.12,255206129
M3VI,0.2,4.90e-03,2.67e-01,3000,1.74,13.7,-3.18,10.52,255206129
M4Ia0,13.2,8.38e+06,1.15e+04,2940,1.77,-9.2,-3.36,-12.56,255185104
M4Ia,11.0,1.10e+06,4.18e+03,2940,1.77,-7.0,-3.36,-10.36,255185104
M4Ib,8.9,2.77e+05,2.09e+03,2940,1.77,-5.5,-3.36,-8.86,255185104
M4II,6.7,2.31e+04,6.04e+02,2940,1.77,-2.8,-3.36,-6.16,255199114
M4III,4.6,2.77e+03,2.09e+02,2940,1.77,-0.5,-3.36,-3.86,255206127
M4IV,2.4,1.27e+02,4.83e+01,2833,1.83,3.2,-3.71,-0.51,255209155
M4V,0.3,1.06e-02,4.40e-01,2833,1.83,13.4,-3.71,9.69,255201127
M4VI,0.1,2.66e-03,2.21e-01,2833,1.83,14.9,-3.71,11.19,255201127
M5Ia0,12.5,1.53e+07,1.78e+04,2750,1.88,-9.2,-4.01,-13.21,255178078
M5Ia,10.5,2.02e+06,6.45e+03,2750,1.88,-7.0,-4.01,-11.01,255178078
M5Ib,8.4,5.07e+05,3.23e+03,2750,1.88,-5.5,-4.01,-9.51,255178078
M5II,6.4,4.62e+04,9.76e+02,2750,1.88,-2.9,-4.01,-6.91,255197110
M5III,4.3,5.07e+03,3.23e+02,2750,1.88,-0.5,-4.01,-4.51,255197124
M5IV,2.3,2.07e+02,6.94e+01,2667,1.93,3.3,-4.34,-1.04,255209154
M5V,0.2,6.24e-03,3.81e-01,2667,1.93,14.6,-4.34,10.26,255204111
M5VI,0.1,1.72e-03,2.00e-01,2667,1.93,16.0,-4.34,11.66,255204111
M6Ia0,12.4,2.88e+07,2.81e+04,2560,2.00,-9.1,-4.80,-13.90,255171052
M6Ia,10.3,4.17e+06,1.07e+04,2560,2.00,-7.0,-4.80,-11.80,255171052
M6Ib,8.3,9.55e+05,5.12e+03,2560,2.00,-5.4,-4.80,-10.20,255171052
M6II,6.3,9.55e+04,1.62e+03,2560,2.00,-2.9,-4.80,-7.70,255195105
M6III,4.2,9.55e+03,5.12e+02,2560,2.00,-0.4,-4.80,-5.20,255178121
M6IV,2.2,4.10e+02,1.11e+02,2500,2.03,3.3,-5.08,-1.78,255208153
M6V,0.2,4.50e-03,3.68e-01,2500,2.03,15.7,-5.08,10.62,255195112
M6VI,0.1,1.63e-03,2.22e-01,2500,2.03,16.8,-5.08,11.72,255195112
M7Ia0,12.3,6.96e+07,5.10e+04,2370,2.12,-9.1,-5.76,-14.86,255164026
M7Ia,10.2,9.18e+06,1.85e+04,2370,2.12,-6.9,-5.76,-12.66,255164026
M7Ib,8.2,2.10e+06,8.87e+03,2370,2.12,-5.3,-5.76,-11.06,255164026
M7II,6.2,2.53e+05,3.07e+03,2370,2.12,-3.0,-5.76,-8.76,255193100
M7III,4.2,2.10e+04,8.87e+02,2370,2.12,-0.3,-5.76,-6.06,255165097
M7IV,2.1,9.26e+02,1.92e+02,2333,2.14,3.3,-5.97,-2.67,255207152
M7V,0.1,3.69e-03,3.83e-01,2333,2.14,16.8,-5.97,10.83,255197111
M7VI,0.1,1.94e-03,2.78e-01,2333,2.14,17.5,-5.97,11.53,255197111
M8Ia0,12.1,2.05e+08,1.03e+05,2180,2.25,-9.1,-6.93,-16.03,255157000
M8Ia,10.1,2.70e+07,3.76e+04,2180,2.25,-6.9,-6.93,-13.83,255157000
M8Ib,8.1,5.15e+06,1.64e+04,2180,2.25,-5.1,-6.93,-12.03,255157000
M8II,6.1,7.44e+05,6.23e+03,2180,2.25,-3.0,-6.93,-9.93,255192096
M8III,4.1,5.15e+04,1.64e+03,2180,2.25,-0.1,-6.93,-7.03,255167097
M8IV,2.1,2.44e+03,3.61e+02,2167,2.26,3.3,-7.02,-3.72,255206151
M8V,0.1,3.53e-03,4.34e-01,2167,2.26,17.9,-7.02,10.88,255198109
M8VI,0.1,2.44e-03,3.61e-01,2167,2.26,18.3,-7.02,11.28,255198109
M9Ia0,12.0,7.11e+08,2.31e+05,1990,2.40,-9.0,-8.38,-17.38,255157000
M9Ia,10.0,1.03e+08,8.79e+04,1990,2.40,-6.9,-8.38,-15.28,255157000
M9Ib,8.0,1.79e+07,3.67e+04,1990,2.40,-5.0,-8.38,-13.38,255157000
M9II,6.0,2.83e+06,1.46e+04,1990,2.40,-3.0,-8.38,-11.38,255190091
M9III,4.1,1.79e+05,3.67e+03,1990,2.40,0.0,-8.38,-8.38,255233154
M9IV,2.1,7.91e+03,7.64e+02,2000,2.39,3.3,-8.30,-5.00,255205150
M9V,0.1,4.15e-03,5.53e-01,2000,2.39,19.0,-8.30,10.70,255198108
M9VI,0.1,4.15e-03,5.53e-01,2000,2.39,19.0,-8.30,10.70,255198108
N0Ia0,15.8,1.90e+06,3.46e+03,3700,1.41,-9.3,-1.65,-10.95,255204143
N0Ia,13.3,2.74e+05,1.31e+03,3700,1.41,-7.2,-1.65,-8.85,255204143
N0Ib,10.7,5.73e+04,6.00e+02,3700,1.41,-5.5,-1.65,-7.15,255204143
N0II,8.2,3.96e+03,1.58e+02,3700,1.41,-2.6,-1.65,-4.25,255207133
N0III,5.6,6.89e+02,6.58e+01,3700,1.41,-0.7,-1.65,-2.35,255203132
N0IV,3.1,2.60e+01,1.43e+01,3500,1.49,3.2,-1.99,1.21,255213160
N0V,0.5,1.25e-01,9.90e-01,3500,1.49,9.0,-1.99,7.01,255195139
N0VI,0.2,3.76e-02,5.44e-01,3500,1.49,10.3,-1.99,8.31,255195139
N1Ia0,15.1,2.56e+06,4.46e+03,3510,1.49,-9.3,-1.97,-11.27,255202138
N1Ia,12.7,3.37e+05,1.62e+03,3510,1.49,-7.1,-1.97,-9.07,255202138
N1Ib,10.2,7.73e+04,7.75e+02,3510,1.49,-5.5,-1.97,-7.47,255202138
N1II,7.8,5.86e+03,2.13e+02,3510,1.49,-2.7,-1.97,-4.67,255205128
N1III,5.3,9.29e+02,8.50e+01,3510,1.49,-0.7,-1.97,-2.67,255200121
N1IV,2.9,3.55e+01,1.84e+01,3333,1.57,3.2,-2.33,0.87,255212159
N1V,0.5,6.18e-02,7.68e-01,3333,1.57,10.1,-2.33,7.77,255204142
N1VI,0.2,1.86e-02,4.22e-01,3333,1.57,11.4,-2.33,9.07,255204142
N2Ia0,14.5,3.65e+06,5.95e+03,3320,1.58,-9.3,-2.36,-11.66,255193104
N2Ia,12.1,4.81e+05,2.16e+03,3320,1.58,-7.1,-2.36,-9.46,255193104
N2Ib,9.8,1.10e+05,1.03e+03,3320,1.58,-5.5,-2.36,-7.86,255193104
N2II,7.4,8.36e+03,2.85e+02,3320,1.58,-2.7,-2.36,-5.06,255203124
N2III,5.1,1.21e+03,1.08e+02,3320,1.58,-0.6,-2.36,-2.96,255198118
N2IV,2.7,5.09e+01,2.44e+01,3167,1.65,3.2,-2.72,0.48,255211157
N2V,0.4,3.21e-02,6.14e-01,3167,1.65,11.2,-2.72,8.48,255196131
N2VI,0.2,8.85e-03,3.22e-01,3167,1.65,12.6,-2.72,9.88,255196131
N3Ia0,13.8,5.07e+06,7.89e+03,3130,1.67,-9.2,-2.81,-12.01,255192118
N3Ia,11.6,7.33e+05,3.00e+03,3130,1.67,-7.1,-2.81,-9.91,255192118
N3Ib,9.3,1.68e+05,1.44e+03,3130,1.67,-5.5,-2.81,-8.31,255192118
N3II,7.1,1.40e+04,4.14e+02,3130,1.67,-2.8,-2.81,-5.61,255201119
N3III,4.8,1.84e+03,1.50e+02,3130,1.67,-0.6,-2.81,-3.41,255200119
N3IV,2.6,7.76e+01,3.36e+01,3000,1.74,3.2,-3.18,0.02,255210156
N3V,0.3,1.78e-02,5.09e-01,3000,1.74,12.3,-3.18,9.12,255206129
N3VI,0.2,4.90e-03,2.67e-01,3000,1.74,13.7,-3.18,10.52,255206129
N4Ia0,13.2,8.38e+06,1.15e+04,2940,1.77,-9.2,-3.36,-12.56,255185104
N4Ia,11.0,1.10e+06,4.18e+03,2940,1.77,-7.0,-3.36,-10.36,255185104
N4Ib,8.9,2.77e+05,2.09e+03,2940,1.77,-5.5,-3.36,-8.86,255185104
N4II,6.7,2.31e+04,6.04e+02,2940,1.77,-2.8,-3.36,-6.16,255199114
N4III,4.6,2.77e+03,2.09e+02,2940,1.77,-0.5,-3.36,-3.86,255206127
N4IV,2.4,1.27e+02,4.83e+01,2833,1.83,3.2,-3.71,-0.51,255209155
N4V,0.3,1.06e-02,4.40e-01,2833,1.83,13.4,-3.71,9.69,255201127
N4VI,0.1,2.66e-03,2.21e-01,2833,1.83,14.9,-3.71,11.19,255201127
N5Ia0,12.5,1.53e+07,1.78e+04,2750,1.88,-9.2,-4.01,-13.21,255178078
N5Ia,10.5,2.02e+06,6.45e+03,2750,1.88,-7.0,-4.01,-11.01,255178078
N5Ib,8.4,5.07e+05,3.23e+03,2750,1.88,-5.5,-4.01,-9.51,255178078
N5II,6.4,4.62e+04,9.76e+02,2750,1.88,-2.9,-4.01,-6.91,255197110
N5III,4.3,5.07e+03,3.23e+02,2750,1.88,-0.5,-4.01,-4.51,255197124
N5IV,2.3,2.07e+02,6.94e+01,2667,1.93,3.3,-4.34,-1.04,255209154
N5V,0.2,6.24e-03,3.81e-01,2667,1.93,14.6,-4.34,10.26,255204111
N5VI,0.1,1.72e-03,2.00e-01,2667,1.93,16.0,-4.34,11.66,255204111
N6Ia0,12.4,2.88e+07,2.81e+04,2560,2.00,-9.1,-4.80,-13.90,255171052
N6Ia,10.3,4.17e+06,1.07e+04,2560,2.00,-7.0,-4.80,-11.80,255171052
N6Ib,8.3,9.55e+05,5.12e+03,2560,2.00,-5.4,-4.80,-10.20,255171052
N6II,6.3,9.55e+04,1.62e+03,2560,2.00,-2.9,-4.80,-7.70,255195105
N6III,4.2,9.55e+03,5.12e+02,2560,2.00,-0.4,-4.80,-5.20,255178121
N6IV,2.2,4.10e+02,1.11e+02,2500,2.03,3.3,-5.08,-1.78,255208153
N6V,0.2,4.50e-03,3.68e-01,2500,2.03,15.7,-5.08,10.62,255195112
N6VI,0.1,1.63e-03,2.22e-01,2500,2.03,16.8,-5.08,11.72,255195112
N7Ia0,12.3,6.96e+07,5.10e+04,2370,2.12,-9.1,-5.76,-14.86,255164026
N7Ia,10.2,9.18e+06,1.85e+04,2370,2.12,-6.9,-5.76,-12.66,255164026
N7Ib,8.2,2.10e+06,8.87e+03,2370,2.12,-5.3,-5.76,-11.06,255164026
N7II,6.2,2.53e+05,3.07e+03,2370,2.12,-3.0,-5.76,-8.76,255193100
N7III,4.2,2.10e+04,8.87e+02,2370,2.12,-0.3,-5.76,-6.06,255165097
N7IV,2.1,9.26e+02,1.92e+02,2333,2.14,3.3,-5.97,-2.67,255207152
N7V,0.1,3.69e-03,3.83e-01,2333,2.14,16.8,-5.97,10.83,255197111
N7VI,0.1,1.94e-03,2.78e-01,2333,2.14,17.5,-5.97,11.53,255197111
N8Ia0,12.1,2.05e+08,1.03e+05,2180,2.25,-9.1,-6.93,-16.03,255157000
N8Ia,10.1,2.70e+07,3.76e+04,2180,2.25,-6.9,-6.93,-13.83,255157000
N8Ib,8.1,5.15e+06,1.64e+04,2180,2.25,-5.1,-6.93,-12.03,255157000
N8II,6.1,7.44e+05,6.23e+03,2180,2.25,-3.0,-6.93,-9.93,255192096
N8III,4.1,5.15e+04,1.64e+03,2180,2.25,-0.1,-6.93,-7.03,255167097
N8IV,2.1,2.44e+03,3.61e+02,2167,2.26,3.3,-7.02,-3.72,255206151
N8V,0.1,3.53e-03,4.34e-01,2167,2.26,17.9,-7.02,10.88,255198109
N8VI,0.1,2.44e-03,3.61e-01,2167,2.26,18.3,-7.02,11.28,255198109
N9Ia0,12.0,7.11e+08,2.31e+05,1990,2.40,-9.0,-8.38,-17.38,255157000
N9Ia,10.0,1.03e+08,8.79e+04,1990,2.40,-6.9,-8.38,-15.28,255157000
N9Ib,8.0,1.79e+07,3.67e+04,1990,2.40,-5.0,-8.38,-13.38,255157000
N9II,6.0,2.83e+06,1.46e+04,1990,2.40,-3.0,-8.38,-11.38,255190091
N9III,4.1,1.79e+05,3.67e+03,1990,2.40,0.0,-8.38,-8.38,255233154
N9IV,2.1,7.91e+03,7.64e+02,2000,2.39,3.3,-8.30,-5.00,255205150
N9V,0.1,4.15e-03,5.53e-01,2000,2.39,19.0,-8.30,10.70,255198108
N9VI,0.1,4.15e-03,5.53e-01,2000,2.39,19.0,-8.30,10.70,255198108
WC0Ia0,160.0,3.41e+07,8.02e+01,50000,-0.35,-9.5,-4.58,-14.08,144166255
WC0Ia,150.0,2.59e+06,2.21e+01,50000,-0.35,-6.7,-4.58,-11.28,144166255
WC0Ib,140.0,2.15e+06,2.02e+01,50000,-0.35,-6.5,-4.58,-11.08,144166255
WC0II,130.0,2.15e+06,2.02e+01,50000,-0.35,-6.5,-4.58,-11.08,144166255
WC0III,120.0,2.15e+06,2.02e+01,50000,-0.35,-6.5,-4.58,-11.08,144166255
WC0IV,110.0,1.36e+06,1.60e+01,50000,-0.35,-6.0,-4.58,-10.58,144166255
WC0V,100.0,1.24e+06,1.53e+01,50000,-0.35,-5.9,-4.58,-10.48,144166255
WC0VI,60.0,9.40e+05,1.33e+01,50000,-0.35,-5.6,-4.58,-10.18,144166255
WC1Ia0,159.7,2.71e+07,7.88e+01,47600,-0.35,-9.4,-4.43,-13.83,146168255
WC1Ia,149.3,2.25e+06,2.27e+01,47600,-0.35,-6.7,-4.43,-11.13,146168255
WC1Ib,139.0,1.87e+06,2.07e+01,47600,-0.35,-6.5,-4.43,-10.93,146168255
WC1II,128.6,1.73e+06,1.98e+01,47800,-0.35,-6.4,-4.44,-10.84,146168255
WC1III,118.2,1.58e+06,1.89e+01,47800,-0.35,-6.3,-4.44,-10.74,146168255
WC1IV,107.9,1.09e+06,1.57e+01,47800,-0.35,-5.9,-4.44,-10.34,145167255
WC1V,97.5,9.94e+05,1.50e+01,47800,-0.35,-5.8,-4.44,-10.24,146168255
WC1VI,37.0,7.54e+05,1.31e+01,47800,-0.35,-5.5,-4.44,-9.94,146168255
WC2Ia0,159.4,2.14e+07,7.77e+01,45200,-0.35,-9.3,-4.28,-13.58,148170255
WC2Ia,148.6,2.14e+06,2.46e+01,45200,-0.35,-6.8,-4.28,-11.08,148170255
WC2Ib,137.9,1.62e+06,2.14e+01,45200,-0.35,-6.5,-4.28,-10.78,148170255
WC2II,127.2,1.52e+06,2.03e+01,45600,-0.35,-6.4,-4.30,-10.70,148170255
WC2III,116.5,1.26e+06,1.85e+01,45600,-0.35,-6.2,-4.30,-10.50,148169255
WC2IV,105.7,8.72e+05,1.54e+01,45600,-0.35,-5.8,-4.30,-10.10,146169255
WC2V,95.0,7.95e+05,1.47e+01,45600,-0.35,-5.7,-4.30,-10.00,148170255
WC2VI,30.0,6.03e+05,1.28e+01,45600,-0.35,-5.4,-4.30,-9.70,148170255
WC3Ia0,159.0,1.68e+07,7.69e+01,42800,-0.34,-9.2,-4.12,-13.32,151172255
WC3Ia,148.0,1.85e+06,2.55e+01,42800,-0.34,-6.8,-4.12,-10.92,151172255
WC3Ib,136.9,1.40e+06,2.22e+01,42800,-0.34,-6.5,-4.12,-10.62,151172255
WC3II,125.8,1.21e+06,2.00e+01,43400,-0.34,-6.3,-4.16,-10.46,149173255
WC3III,114.7,9.17e+05,1.75e+01,43400,-0.34,-6.0,-4.16,-10.16,150171255
WC3IV,103.6,6.96e+05,1.52e+01,43400,-0.34,-5.7,-4.16,-9.86,148170255
WC3V,92.5,6.34e+05,1.45e+01,43400,-0.34,-5.6,-4.16,-9.76,151172255
WC3VI,23.0,4.81e+05,1.26e+01,43400,-0.34,-5.3,-4.16,-9.46,151172255
WC4Ia0,158.7,1.32e+07,7.64e+01,40400,-0.33,-9.1,-3.95,-13.05,153174255
WC4Ia,147.3,1.74e+06,2.77e+01,40400,-0.33,-6.9,-3.95,-10.85,153174255
WC4Ib,135.8,1.20e+06,2.31e+01,40400,-0.33,-6.5,-3.95,-10.45,153174255
WC4II,124.4,9.60e+05,1.98e+01,41200,-0.34,-6.2,-4.01,-10.21,151175255
WC4III,112.9,7.28e+05,1.73e+01,41200,-0.34,-5.9,-4.01,-9.91,152172255
WC4IV,101.5,5.52e+05,1.50e+01,41200,-0.34,-5.6,-4.01,-9.61,149171255
WC4V,90.0,5.04e+05,1.44e+01,41200,-0.34,-5.5,-4.01,-9.51,153174255
WC4VI,20.0,3.82e+05,1.25e+01,41200,-0.34,-5.2,-4.01,-9.21,153174255
WC5Ia0,158.4,1.03e+07,7.62e+01,38000,-0.33,-9.0,-3.78,-12.78,155176255
WC5Ia,142.0,1.48e+06,2.90e+01,38000,-0.33,-6.9,-3.78,-10.68,155176255
WC5Ib,125.6,1.03e+06,2.41e+01,38000,-0.33,-6.5,-3.78,-10.28,155176255
WC5II,109.2,7.59e+05,1.97e+01,39000,-0.33,-6.1,-3.85,-9.95,153177255
WC5III,92.8,5.25e+05,1.64e+01,39000,-0.33,-5.7,-3.85,-9.55,154174255
WC5IV,76.4,4.37e+05,1.49e+01,39000,-0.33,-5.5,-3.85,-9.35,150172255
WC5V,60.0,3.98e+05,1.42e+01,39000,-0.33,-5.4,-3.85,-9.25,155176255
WC5VI,17.5,3.02e+05,1.24e+01,39000,-0.33,-5.1,-3.85,-8.95,155176255
WC6Ia0,136.7,7.81e+06,7.66e+01,35400,-0.32,-8.9,-3.58,-12.48,157178255
WC6Ia,120.1,1.36e+06,3.19e+01,35400,-0.32,-7.0,-3.58,-10.58,157178255
WC6Ib,103.5,7.81e+05,2.42e+01,35400,-0.32,-6.4,-3.58,-9.98,157178255
WC6II,86.9,6.54e+05,2.05e+01,36800,-0.32,-6.1,-3.69,-9.79,155179255
WC6III,70.2,3.76e+05,1.56e+01,36800,-0.32,-5.5,-3.69,-9.19,156175255
WC6IV,53.6,3.13e+05,1.42e+01,36800,-0.32,-5.3,-3.69,-8.99,151174255
WC6V,37.0,2.60e+05,1.29e+01,36800,-0.32,-5.1,-3.69,-8.79,162184255
WC6VI,14.2,1.80e+05,1.08e+01,36800,-0.32,-4.7,-3.69,-8.39,162184255
WC7Ia0,115.1,5.88e+06,7.74e+01,32800,-0.31,-8.8,-3.37,-12.17,160181255
WC7Ia,100.9,1.12e+06,3.38e+01,32800,-0.31,-7.0,-3.37,-10.37,160181255
WC7Ib,86.7,5.88e+05,2.45e+01,32800,-0.31,-6.3,-3.37,-9.67,160181255
WC7II,72.5,5.10e+05,2.05e+01,34600,-0.32,-6.0,-3.52,-9.52,156181255
WC7III,58.4,2.94e+05,1.55e+01,34600,-0.32,-5.4,-3.52,-8.92,158177255
WC7IV,44.2,2.23e+05,1.35e+01,34600,-0.32,-5.1,-3.52,-8.62,152175255
WC7V,30.0,1.54e+05,1.13e+01,34600,-0.32,-4.7,-3.52,-8.22,157177255
WC7VI,10.9,1.07e+05,9.36e+00,34600,-0.32,-4.3,-3.52,-7.82,157177255
WC8Ia0,93.4,4.37e+06,7.87e+01,30200,-0.30,-8.7,-3.15,-11.85,162183255
WC8Ia,81.7,9.13e+05,3.60e+01,30200,-0.30,-7.0,-3.15,-10.15,162183255
WC8Ib,69.9,4.37e+05,2.49e+01,30200,-0.30,-6.2,-3.15,-9.35,162183255
WC8II,58.2,3.60e+05,1.96e+01,32400,-0.31,-5.8,-3.34,-9.14,158183255
WC8III,46.5,2.07e+05,1.49e+01,32400,-0.31,-5.2,-3.34,-8.54,157178255
WC8IV,34.7,1.57e+05,1.30e+01,32400,-0.31,-4.9,-3.34,-8.24,153176255
WC8V,23.0,9.91e+04,1.03e+01,32400,-0.31,-4.4,-3.34,-7.74,157177255
WC8VI,7.6,5.70e+04,7.81e+00,32400,-0.31,-3.8,-3.34,-7.14,157177255
WN0VI,60.0,9.40e+05,1.33e+01,50000,-0.35,-5.6,-4.58,-10.18,144166255
WC9Ia0,71.8,3.19e+06,8.05e+01,27600,-0.29,-8.6,-2.91,-11.51,164185255
WC9Ia,63.1,7.31e+05,3.85e+01,27600,-0.29,-7.0,-2.91,-9.91,164185255
WC9Ib,54.5,3.19e+05,2.55e+01,27600,-0.29,-6.1,-2.91,-9.01,164185255
WC9II,45.9,2.76e+05,1.98e+01,30200,-0.30,-5.7,-3.15,-8.85,160186255
WC9III,37.3,1.59e+05,1.50e+01,30200,-0.30,-5.1,-3.15,-8.25,158177255
WC9IV,28.6,1.10e+05,1.25e+01,30200,-0.30,-4.7,-3.15,-7.85,155177255
WC9V,20.0,5.76e+04,9.04e+00,30200,-0.30,-4.0,-3.15,-7.15,154178255
WC9VI,6.7,3.31e+04,6.85e+00,30200,-0.30,-3.4,-3.15,-6.55,154178255
WN0Ia0,160.0,3.41e+07,8.02e+01,50000,-0.35,-9.5,-4.58,-14.08,144166255
WN0Ia,150.0,2.59e+06,2.21e+01,50000,-0.35,-6.7,-4.58,-11.28,144166255
WN0Ib,140.0,2.15e+06,2.02e+01,50000,-0.35,-6.5,-4.58,-11.08,144166255
WN0II,130.0,2.15e+06,2.02e+01,50000,-0.35,-6.5,-4.58,-11.08,144166255
WN0III,120.0,2.15e+06,2.02e+01,50000,-0.35,-6.5,-4.58,-11.08,144166255
WN0IV,110.0,1.36e+06,1.60e+01,50000,-0.35,-6.0,-4.58,-10.58,144166255
WN0V,100.0,1.24e+06,1.53e+01,50000,-0.35,-5.9,-4.58,-10.48,144166255
WN1Ia0,159.7,2.71e+07,7.88e+01,47600,-0.35,-9.4,-4.43,-13.83,146168255
WN1Ia,149.3,2.25e+06,2.27e+01,47600,-0.35,-6.7,-4.43,-11.13,146168255
WN1Ib,139.0,1.87e+06,2.07e+01,47600,-0.35,-6.5,-4.43,-10.93,146168255
WN1II,128.6,1.73e+06,1.98e+01,47800,-0.35,-6.4,-4.44,-10.84,146168255
WN1III,118.2,1.58e+06,1.89e+01,47800,-0.35,-6.3,-4.44,-10.74,146168255
WN1IV,107.9,1.09e+06,1.57e+01,47800,-0.35,-5.9,-4.44,-10.34,145167255
WN1V,97.5,9.94e+05,1.50e+01,47800,-0.35,-5.8,-4.44,-10.24,146168255
WN1VI,37.0,7.54e+05,1.31e+01,47800,-0.35,-5.5,-4.44,-9.94,146168255
WN2Ia0,159.4,2.14e+07,7.77e+01,45200,-0.35,-9.3,-4.28,-13.58,148170255
WN2Ia,148.6,2.14e+06,2.46e+01,45200,-0.35,-6.8,-4.28,-11.08,148170255
WN2Ib,137.9,1.62e+06,2.14e+01,45200,-0.35,-6.5,-4.28,-10.78,148170255
WN2II,127.2,1.52e+06,2.03e+01,45600,-0.35,-6.4,-4.30,-10.70,148170255
WN2III,116.5,1.26e+06,1.85e+01,45600,-0.35,-6.2,-4.30,-10.50,148169255
WN2IV,105.7,8.72e+05,1.54e+01,45600,-0.35,-5.8,-4.30,-10.10,146169255
WN2V,95.0,7.95e+05,1.47e+01,45600,-0.35,-5.7,-4.30,-10.00,148170255
WN2VI,30.0,6.03e+05,1.28e+01,45600,-0.35,-5.4,-4.30,-9.70,148170255
WN3Ia0,159.0,1.68e+07,7.69e+01,42800,-0.34,-9.2,-4.12,-13.32,151172255
WN3Ia,148.0,1.85e+06,2.55e+01,42800,-0.34,-6.8,-4.12,-10.92,151172255
WN3Ib,136.9,1.40e+06,2.22e+01,42800,-0.34,-6.5,-4.12,-10.62,151172255
WN3II,125.8,1.21e+06,2.00e+01,43400,-0.34,-6.3,-4.16,-10.46,149173255
WN3III,114.7,9.17e+05,1.75e+01,43400,-0.34,-6.0,-4.16,-10.16,150171255
WN3IV,103.6,6.96e+05,1.52e+01,43400,-0.34,-5.7,-4.16,-9.86,148170255
WN3V,92.5,6.34e+05,1.45e+01,43400,-0.34,-5.6,-4.16,-9.76,151172255
WN3VI,23.0,4.81e+05,1.26e+01,43400,-0.34,-5.3,-4.16,-9.46,151172255
WN4Ia0,158.7,1.32e+07,7.64e+01,40400,-0.33,-9.1,-3.95,-13.05,153174255
WN4Ia,147.3,1.74e+06,2.77e+01,40400,-0.33,-6.9,-3.95,-10.85,153174255
WN4Ib,135.8,1.20e+06,2.31e+01,40400,-0.33,-6.5,-3.95,-10.45,153174255
WN4II,124.4,9.60e+05,1.98e+01,41200,-0.34,-6.2,-4.01,-10.21,151175255
WN4III,112.9,7.28e+05,1.73e+01,41200,-0.34,-5.9,-4.01,-9.91,152172255
WN4IV,101.5,5.52e+05,1.50e+01,41200,-0.34,-5.6,-4.01,-9.61,149171255
WN4V,90.0,5.04e+05,1.44e+01,41200,-0.34,-5.5,-4.01,-9.51,153174255
WN4VI,20.0,3.82e+05,1.25e+01,41200,-0.34,-5.2,-4.01,-9.21,153174255
WN5Ia0,158.4,1.03e+07,7.62e+01,38000,-0.33,-9.0,-3.78,-12.78,155176255
WN5Ia,142.0,1.48e+06,2.90e+01,38000,-0.33,-6.9,-3.78,-10.68,155176255
WN5Ib,125.6,1.03e+06,2.41e+01,38000,-0.33,-6.5,-3.78,-10.28,155176255
WN5II,109.2,7.59e+05,1.97e+01,39000,-0.33,-6.1,-3.85,-9.95,153177255
WN5III,92.8,5.25e+05,1.64e+01,39000,-0.33,-5.7,-3.85,-9.55,154174255
WN5IV,76.4,4.37e+05,1.49e+01,39000,-0.33,-5.5,-3.85,-9.35,150172255
WN5V,60.0,3.98e+05,1.42e+01,39000,-0.33,-5.4,-3.85,-9.25,155176255
WN5VI,17.5,3.02e+05,1.24e+01,39000,-0.33,-5.1,-3.85,-8.95,155176255
WN6Ia0,136.7,7.81e+06,7.66e+01,35400,-0.32,-8.9,-3.58,-12.48,157178255
WN6Ia,120.1,1.36e+06,3.19e+01,35400,-0.32,-7.0,-3.58,-10.58,157178255
WN6Ib,103.5,7.81e+05,2.42e+01,35400,-0.32,-6.4,-3.58,-9.98,157178255
WN6II,86.9,6.54e+05,2.05e+01,36800,-0.32,-6.1,-3.69,-9.79,155179255
WN6III,70.2,3.76e+05,1.56e+01,36800,-0.32,-5.5,-3.69,-9.19,156175255
WN6IV,53.6,3.13e+05,1.42e+01,36800,-0.32,-5.3,-3.69,-8.99,151174255
WN6V,37.0,2.60e+05,1.29e+01,36800,-0.32,-5.1,-3.69,-8.79,162184255
WN6VI,14.2,1.80e+05,1.08e+01,36800,-0.32,-4.7,-3.69,-8.39,162184255
WN7Ia0,115.1,5.88e+06,7.74e+01,32800,-0.31,-8.8,-3.37,-12.17,160181255
WN7Ia,100.9,1.12e+06,3.38e+01,32800,-0.31,-7.0,-3.37,-10.37,160181255
WN7Ib,86.7,5.88e+05,2.45e+01,32800,-0.31,-6.3,-3.37,-9.67,160181255
WN7II,72.5,5.10e+05,2.05e+01,34600,-0.32,-6.0,-3.52,-9.52,156181255
WN7III,58.4,2.94e+05,1.55e+01,34600,-0.32,-5.4,-3.52,-8.92,158177255
WN7IV,44.2,2.23e+05,1.35e+01,34600,-0.32,-5.1,-3.52,-8.62,152175255
WN7V,30.0,1.54e+05,1.13e+01,34600,-0.32,-4.7,-3.52,-8.22,157177255
WN7VI,10.9,1.07e+05,9.36e+00,34600,-0.32,-4.3,-3.52,-7.82,157177255
WN8Ia0,93.4,4.37e+06,7.87e+01,30200,-0.30,-8.7,-3.15,-11.85,162183255
WN8Ia,81.7,9.13e+05,3.60e+01,30200,-0.30,-7.0,-3.15,-10.15,162183255
WN8Ib,69.9,4.37e+05,2.49e+01,30200,-0.30,-6.2,-3.15,-9.35,162183255
WN8II,58.2,3.60e+05,1.96e+01,32400,-0.31,-5.8,-3.34,-9.14,158183255
WN8III,46.5,2.07e+05,1.49e+01,32400,-0.31,-5.2,-3.34,-8.54,157178255
WN8IV,34.7,1.57e+05,1.30e+01,32400,-0.31,-4.9,-3.34,-8.24,153176255
WN8V,23.0,9.91e+04,1.03e+01,32400,-0.31,-4.4,-3.34,-7.74,157177255
WN8VI,7.6,5.70e+04,7.81e+00,32400,-0.31,-3.8,-3.34,-7.14,157177255
WN9Ia0,71.8,3.19e+06,8.05e+01,27600,-0.29,-8.6,-2.91,-11.51,164185255
WN9Ia,63.1,7.31e+05,3.85e+01,27600,-0.29,-7.0,-2.91,-9.91,164185255
WN9Ib,54.5,3.19e+05,2.55e+01,27600,-0.29,-6.1,-2.91,-9.01,164185255
WN9II,45.9,2.76e+05,1.98e+01,30200,-0.30,-5.7,-3.15,-8.85,160186255
WN9III,37.3,1.59e+05,1.50e+01,30200,-0.30,-5.1,-3.15,-8.25,158177255
WN9IV,28.6,1.10e+05,1.25e+01,30200,-0.30,-4.7,-3.15,-7.85,155177255
WN9V,20.0,5.76e+04,9.04e+00,30200,-0.30,-4.0,-3.15,-7.15,154178255
WN9VI,6.7,3.31e+04,6.85e+00,30200,-0.30,-3.4,-3.15,-6.55,154178255
R0Ia0,12.0,8.13e+05,1.42e+03,4669,1.03,-9.4,-0.62,-10.02,255231193
R0Ia,10.2,1.70e+05,6.49e+02,4669,1.03,-7.7,-0.62,-8.32,255231193
R0Ib,8.3,9.77e+03,1.56e+02,4669,1.03,-4.6,-0.62,-5.22,255231193
R0II,6.5,1.29e+03,5.65e+01,4669,1.03,-2.4,-0.62,-3.02,255237209
R0III,4.6,8.91e+01,1.49e+01,4669,1.03,0.5,-0.62,-0.12,255243233
R0IV,2.8,6.20e+00,2.76e+00,5560,0.75,3.0,-0.23,2.77,255245238
R0V,0.9,9.82e-01,1.10e+00,5560,0.75,5.0,-0.23,4.77,255241229
R0VI,0.8,2.97e-01,6.05e-01,5560,0.75,6.3,-0.23,6.07,255241229
R1Ia0,12.4,8.71e+05,1.54e+03,4561,1.07,-9.4,-0.70,-10.10,255228187
R1Ia,10.5,1.66e+05,6.72e+02,4561,1.07,-7.6,-0.70,-8.30,255228187
R1Ib,8.6,1.05e+04,1.69e+02,4561,1.07,-4.6,-0.70,-5.30,255228187
R1II,6.7,1.38e+03,6.13e+01,4561,1.07,-2.4,-0.70,-3.10,255234201
R1III,4.7,1.05e+02,1.69e+01,4561,1.07,0.4,-0.70,-0.30,255239222
R1IV,2.8,6.61e+00,3.11e+00,5331,0.82,3.0,-0.30,2.70,255241229
R1V,0.9,7.94e-01,1.08e+00,5331,0.82,5.3,-0.30,5.00,255238222
R1VI,0.7,2.19e-01,5.65e-01,5331,0.82,6.7,-0.30,6.40,255238222
R2Ia0,12.8,9.40e+05,1.68e+03,4453,1.11,-9.4,-0.78,-10.18,255225182
R2Ia,10.8,1.79e+05,7.33e+02,4453,1.11,-7.6,-0.78,-8.38,255225182
R2Ib,8.8,1.24e+04,1.93e+02,4453,1.11,-4.7,-0.78,-5.48,255225182
R2II,6.8,1.49e+03,6.68e+01,4453,1.11,-2.4,-0.78,-3.18,255230192
R2III,4.8,1.36e+02,2.02e+01,4453,1.11,0.2,-0.78,-0.58,255234211
R2IV,2.8,7.17e+00,3.53e+00,5102,0.89,3.0,-0.39,2.61,255238221
R2V,0.8,6.54e-01,1.07e+00,5102,0.89,5.6,-0.39,5.21,255235216
R2VI,0.7,1.80e-01,5.60e-01,5102,0.89,7.0,-0.39,6.61,255235216
R3Ia0,13.3,9.32e+05,1.75e+03,4346,1.15,-9.3,-0.87,-10.17,255222176
R3Ia,11.2,1.78e+05,7.66e+02,4346,1.15,-7.5,-0.87,-8.37,255222176
R3Ib,9.1,1.35e+04,2.11e+02,4346,1.15,-4.7,-0.87,-5.57,255222176
R3II,7.0,1.78e+03,7.66e+01,4346,1.15,-2.5,-0.87,-3.37,255227184
R3III,5.0,1.62e+02,2.31e+01,4346,1.15,0.1,-0.87,-0.77,255230199
R3IV,2.9,7.26e+00,3.90e+00,4873,0.97,3.1,-0.50,2.60,255234212
R3V,0.8,5.50e-01,1.07e+00,4873,0.97,5.9,-0.50,5.40,255233209
R3VI,0.6,1.52e-01,5.63e-01,4873,0.97,7.3,-0.50,6.80,255233209
R4Ia0,13.7,1.02e+06,1.93e+03,4238,1.19,-9.3,-0.97,-10.27,255219171
R4Ia,11.5,1.95e+05,8.44e+02,4238,1.19,-7.5,-0.97,-8.47,255219171
R4Ib,9.4,1.62e+04,2.43e+02,4238,1.19,-4.8,-0.97,-5.77,255219171
R4II,7.2,1.95e+03,8.44e+01,4238,1.19,-2.5,-0.97,-3.47,255223175
R4III,5.1,1.95e+02,2.67e+01,4238,1.19,0.0,-0.97,-0.97,255225188
R4IV,2.9,8.25e+00,4.57e+00,4644,1.04,3.1,-0.64,2.46,255231203
R4V,0.8,5.21e-01,1.15e+00,4644,1.04,6.1,-0.64,5.46,255230203
R4VI,0.6,1.19e-01,5.50e-01,4644,1.04,7.7,-0.64,7.06,255230203
R5Ia0,14.1,1.13e+06,2.14e+03,4130,1.23,-9.3,-1.08,-10.38,255216165
R5Ia,11.9,1.97e+05,8.93e+02,4130,1.23,-7.4,-1.08,-8.48,255216165
R5Ib,9.6,2.16e+04,2.96e+02,4130,1.23,-5.0,-1.08,-6.08,255216165
R5II,7.4,2.16e+03,9.35e+01,4130,1.23,-2.5,-1.08,-3.58,255220167
R5III,5.2,2.59e+02,3.24e+01,4130,1.23,-0.2,-1.08,-1.28,255221177
R5IV,2.9,9.67e+00,5.47e+00,4416,1.12,3.1,-0.81,2.29,255227194
R5V,0.7,4.63e-01,1.20e+00,4416,1.12,6.4,-0.81,5.59,255227196
R5VI,0.5,8.81e-02,5.23e-01,4416,1.12,8.2,-0.81,7.39,255227196
R6Ia0,14.5,1.26e+06,2.39e+03,4023,1.27,-9.3,-1.20,-10.50,255213160
R6Ia,12.2,2.20e+05,9.95e+02,4023,1.27,-7.4,-1.20,-8.60,255213160
R6Ib,9.9,3.18e+04,3.78e+02,4023,1.27,-5.3,-1.20,-6.50,255213160
R6II,7.6,2.41e+03,1.04e+02,4023,1.27,-2.5,-1.20,-3.70,255217158
R6III,5.3,3.18e+02,3.78e+01,4023,1.27,-0.3,-1.20,-1.50,255216166
R6IV,3.0,1.17e+01,6.71e+00,4187,1.21,3.1,-1.02,2.08,255224186
R6V,0.7,4.26e-01,1.28e+00,4187,1.21,6.7,-1.02,5.68,255219182
R6VI,0.4,6.76e-02,5.09e-01,4187,1.21,8.7,-1.02,7.68,255219182
R7Ia0,15.0,1.43e+06,2.68e+03,3915,1.32,-9.3,-1.34,-10.64,255210154
R7Ia,12.6,2.27e+05,1.07e+03,3915,1.32,-7.3,-1.34,-8.64,255210154
R7Ib,10.2,3.94e+04,4.45e+02,3915,1.32,-5.4,-1.34,-6.74,255210154
R7II,7.8,2.99e+03,1.22e+02,3915,1.32,-2.6,-1.34,-3.94,255213150
R7III,5.4,3.94e+02,4.45e+01,3915,1.32,-0.4,-1.34,-1.74,255212154
R7IV,3.0,1.36e+01,8.08e+00,3958,1.30,3.2,-1.28,1.92,255220177
R7V,0.6,2.59e-01,1.12e+00,3958,1.30,7.5,-1.28,6.22,255211168
R7VI,0.4,4.50e-02,4.65e-01,3958,1.30,9.4,-1.28,8.12,255211168
R8Ia0,15.4,1.64e+06,3.03e+03,3808,1.36,-9.3,-1.48,-10.78,255207149
R8Ia,12.9,2.59e+05,1.21e+03,3808,1.36,-7.3,-1.48,-8.78,255207149
R8Ib,10.4,4.50e+04,5.03e+02,3808,1.36,-5.4,-1.48,-6.88,255207149
R8II,8.0,3.42e+03,1.38e+02,3808,1.36,-2.6,-1.48,-4.08,255210141
R8III,5.5,5.41e+02,5.51e+01,3808,1.36,-0.6,-1.48,-2.08,255207143
R8IV,3.0,1.82e+01,1.05e+01,3729,1.39,3.2,-1.60,1.60,255216168
R8V,0.6,1.82e-01,1.05e+00,3729,1.39,8.2,-1.60,6.60,255203153
R8VI,0.3,3.80e-02,4.82e-01,3729,1.39,9.9,-1.60,8.30,255203153
R9Ia0,15.8,1.90e+06,3.46e+03,3700,1.41,-9.3,-1.65,-10.95,255204143
R9Ia,13.3,2.74e+05,1.31e+03,3700,1.41,-7.2,-1.65,-8.85,255204143
R9Ib,10.7,5.73e+04,6.00e+02,3700,1.41,-5.5,-1.65,-7.15,255204143
R9II,8.2,3.96e+03,1.58e+02,3700,1.41,-2.6,-1.65,-4.25,255207133
R9III,5.6,6.89e+02,6.58e+01,3700,1.41,-0.7,-1.65,-2.35,255203132
R9IV,3.1,2.60e+01,1.43e+01,3500,1.49,3.2,-1.99,1.21,255213160
R9V,0.5,1.25e-01,9.90e-01,3500,1.49,9.0,-1.99,7.01,255195139
R9VI,0.2,3.76e-02,5.44e-01,3500,1.49,10.3,-1.99,8.31,255195139
C0Ia0,12.0,8.13e+05,1.42e+03,4669,1.03,-9.4,-0.62,-10.02,255231193
C0Ia,10.2,1.70e+05,6.49e+02,4669,1.03,-7.7,-0.62,-8.32,255231193
C0Ib,8.3,9.77e+03,1.56e+02,4669,1.03,-4.6,-0.62,-5.22,255231193
C0II,6.5,1.29e+03,5.65e+01,4669,1.03,-2.4,-0.62,-3.02,255237209
C0III,4.6,8.91e+01,1.49e+01,4669,1.03,0.5,-0.62,-0.12,255243233
C0IV,2.8,6.20e+00,2.76e+00,5560,0.75,3.0,-0.23,2.77,255245238
C0V,0.9,9.82e-01,1.10e+00,5560,0.75,5.0,-0.23,4.77,255241229
C0VI,0.8,2.97e-01,6.05e-01,5560,0.75,6.3,-0.23,6.07,255241229
C1Ia0,12.7,1.10e+06,1.88e+03,4371,1.14,-9.5,-0.85,-10.35,255222172
C1Ia,10.8,1.91e+05,7.85e+02,4371,1.14,-7.6,-0.85,-8.45,255222172
C1Ib,8.8,1.20e+04,1.97e+02,4371,1.14,-4.6,-0.85,-5.45,255222172
C1II,6.8,1.59e+03,7.16e+01,4371,1.14,-2.4,-0.85,-3.25,255232196
C1III,4.8,1.32e+02,2.06e+01,4371,1.14,0.3,-0.85,-0.55,255242224
C1IV,2.8,7.00e+00,3.41e+00,5164,0.87,3.0,-0.36,2.64,255241228
C1V,0.8,6.39e-01,1.03e+00,5164,0.87,5.6,-0.36,5.24,255235218
C1VI,0.7,1.76e-01,5.40e-01,5164,0.87,7.0,-0.36,6.64,255235218
C2Ia0,13.5,1.31e+06,2.37e+03,4073,1.25,-9.4,-1.15,-10.55,255214150
C2Ia,11.4,2.28e+05,9.89e+02,4073,1.25,-7.5,-1.15,-8.65,255214150
C2Ib,9.2,1.73e+04,2.72e+02,4073,1.25,-4.7,-1.15,-5.85,255214150
C2II,7.1,2.28e+03,9.89e+01,4073,1.25,-2.5,-1.15,-3.65,255226183
C2III,5.0,2.08e+02,2.99e+01,4073,1.25,0.1,-1.15,-1.05,255241215
C2IV,2.9,7.67e+00,4.18e+00,4769,1.00,3.1,-0.56,2.54,255236218
C2V,0.8,2.78e-01,7.97e-01,4769,1.00,6.7,-0.56,6.14,255228207
C2VI,0.7,1.33e-01,5.51e-01,4769,1.00,7.5,-0.56,6.94,255228207
C3Ia0,14.2,1.71e+06,3.15e+03,3776,1.37,-9.3,-1.53,-10.83,255206129
C3Ia,12.0,2.97e+05,1.31e+03,3776,1.37,-7.4,-1.53,-8.93,255206129
C3Ib,9.7,2.47e+04,3.78e+02,3776,1.37,-4.7,-1.53,-6.23,255206129
C3II,7.4,3.57e+03,1.44e+02,3776,1.37,-2.6,-1.53,-4.13,255221170
C3III,5.2,3.57e+02,4.55e+01,3776,1.37,-0.1,-1.53,-1.63,255240207
C3IV,2.9,1.00e+01,5.68e+00,4373,1.14,3.1,-0.85,2.25,255232209
C3V,0.7,1.20e-01,6.23e-01,4373,1.14,7.9,-0.85,7.05,255222196
C3VI,0.6,9.12e-02,5.42e-01,4373,1.14,8.2,-0.85,7.35,255222196
C4Ia0,15.0,2.71e+06,4.67e+03,3478,1.50,-9.3,-2.03,-11.33,255198107
C4Ia,12.6,4.29e+05,1.86e+03,3478,1.50,-7.3,-2.03,-9.33,255198107
C4Ib,10.2,4.29e+04,5.88e+02,3478,1.50,-4.8,-2.03,-6.83,255198107
C4II,7.8,6.20e+03,2.23e+02,3478,1.50,-2.7,-2.03,-4.73,255216157
C4III,5.4,6.80e+02,7.40e+01,3478,1.50,-0.3,-2.03,-2.33,255239198
C4IV,3.0,1.46e+01,8.28e+00,3978,1.29,3.1,-1.26,1.84,255227199
C4V,0.6,6.36e-02,5.47e-01,3978,1.29,9.0,-1.26,7.74,255215185
C4VI,0.5,6.36e-02,5.47e-01,3978,1.29,9.0,-1.26,7.74,255215185
C5Ia0,15.7,4.94e+06,7.55e+03,3180,1.65,-9.3,-2.68,-11.98,255190086
C5Ia,13.2,7.83e+05,3.00e+03,3180,1.65,-7.3,-2.68,-9.98,255190086
C5Ib,10.6,9.41e+04,1.04e+03,3180,1.65,-5.0,-2.68,-7.68,255190086
C5II,8.1,1.13e+04,3.61e+02,3180,1.65,-2.7,-2.68,-5.38,255211143
C5III,5.5,1.49e+03,1.31e+02,3180,1.65,-0.5,-2.68,-3.18,255237189
C5IV,3.0,2.27e+01,1.28e+01,3582,1.46,3.2,-1.84,1.36,255223189
C5V,0.5,5.20e-03,1.93e-01,3582,1.46,12.3,-1.84,10.46,255209174
C5VI,0.4,3.28e-02,4.85e-01,3582,1.46,10.3,-1.84,8.46,255209174
C6Ia0,14.8,1.09e+07,1.36e+04,2883,1.80,-9.3,-3.54,-12.84,255182064
C6Ia,12.4,1.57e+06,5.18e+03,2883,1.80,-7.2,-3.54,-10.74,255182064
C6Ib,10.0,2.73e+05,2.16e+03,2883,1.80,-5.3,-3.54,-8.84,255182064
C6II,7.6,2.73e+04,6.83e+02,2883,1.80,-2.8,-3.54,-6.34,255205130
C6III,5.2,3.95e+03,2.60e+02,2883,1.80,-0.7,-3.54,-4.24,255236180
C6IV,2.8,4.86e+01,2.36e+01,3187,1.64,3.2,-2.67,0.53,255218179
C6V,0.4,1.34e-03,1.24e-01,3187,1.64,14.6,-2.67,11.93,255206158
C6VI,0.3,3.07e-03,1.87e-01,3187,1.64,13.7,-2.67,11.03,255206158
C7Ia0,13.9,2.85e+07,2.74e+04,2585,1.98,-9.2,-4.69,-13.89,255173043
C7Ia,11.6,4.12e+06,1.04e+04,2585,1.98,-7.1,-4.69,-11.79,255173043
C7Ib,9.3,8.61e+05,4.77e+03,2585,1.98,-5.4,-4.69,-10.09,255173043
C7II,7.1,8.61e+04,1.51e+03,2585,1.98,-2.9,-4.69,-7.59,255200117
C7III,4.8,9.44e+03,4.99e+02,2585,1.98,-0.5,-4.69,-5.19,255235172
C7IV,2.5,1.46e+02,5.33e+01,2791,1.86,3.2,-3.86,-0.66,255214170
C7V,0.3,5.30e-04,1.01e-01,2791,1.86,16.8,-3.86,12.94,255204141
C7VI,0.3,5.30e-04,1.01e-01,2791,1.86,16.8,-3.86,12.94,255204141
C8Ia0,12.9,1.08e+08,6.82e+04,2288,2.17,-9.1,-6.23,-15.33,255165021
C8Ia,10.8,1.56e+07,2.59e+04,2288,2.17,-7.0,-6.23,-13.23,255165021
C8Ib,8.7,3.26e+06,1.18e+04,2288,2.17,-5.3,-6.23,-11.53,255165021
C8II,6.6,3.58e+05,3.92e+03,2288,2.17,-2.9,-6.23,-9.13,255195104
C8III,4.4,2.97e+04,1.13e+03,2288,2.17,-0.2,-6.23,-6.43,255234163
C8IV,2.3,6.70e+02,1.55e+02,2396,2.10,3.3,-5.61,-2.31,255209160
C8V,0.2,9.68e-04,1.86e-01,2396,2.10,17.9,-5.61,12.29,255201125
C8VI,0.2,6.70e-04,1.55e-01,2396,2.10,18.3,-5.61,12.69,255201125
C9Ia0,12.0,7.11e+08,2.31e+05,1990,2.40,-9.0,-8.38,-17.38,255157000
C9Ia,10.0,1.03e+08,8.79e+04,1990,2.40,-6.9,-8.38,-15.28,255157000
C9Ib,8.0,2.15e+07,4.02e+04,1990,2.40,-5.2,-8.38,-13.58,255157000
C9II,6.0,2.83e+06,1.46e+04,1990,2.40,-3.0,-8.38,-11.38,255190091
C9III,4.1,1.79e+05,3.67e+03,1990,2.40,0.0,-8.38,-8.38,255233154
C9IV,2.1,7.91e+03,7.64e+02,2000,2.39,3.3,-8.30,-5.00,255205150
C9V,0.1,4.15e-03,5.53e-01,2000,2.39,19.0,-8.30,10.70,255198108
C9VI,0.1,4.15e-03,5.53e-01,2000,2.39,19.0,-8.30,10.70,255198108
S0Ia0,15.8,1.90e+06,3.46e+03,3700,1.41,-9.3,-1.65,-10.95,255204143
S0Ia,13.3,2.74e+05,1.31e+03,3700,1.41,-7.2,-1.65,-8.85,255204143
S0Ib,10.7,5.73e+04,6.00e+02,3700,1.41,-5.5,-1.65,-7.15,255204143
S0II,8.2,3.96e+03,1.58e+02,3700,1.41,-2.6,-1.65,-4.25,255207133
S0III,5.6,6.89e+02,6.58e+01,3700,1.41,-0.7,-1.65,-2.35,255203132
S0IV,3.1,2.60e+01,1.43e+01,3500,1.49,3.2,-1.99,1.21,255213160
S0V,0.5,1.25e-01,9.90e-01,3500,1.49,9.0,-1.99,7.01,255195139
S0VI,0.2,3.76e-02,5.44e-01,3500,1.49,10.3,-1.99,8.31,255195139
S1Ia0,15.1,2.56e+06,4.46e+03,3510,1.49,-9.3,-1.97,-11.27,255202138
S1Ia,12.7,3.37e+05,1.62e+03,3510,1.49,-7.1,-1.97,-9.07,255202138
S1Ib,10.2,7.73e+04,7.75e+02,3510,1.49,-5.5,-1.97,-7.47,255202138
S1II,7.8,5.86e+03,2.13e+02,3510,1.49,-2.7,-1.97,-4.67,255205128
S1III,5.3,9.29e+02,8.50e+01,3510,1.49,-0.7,-1.97,-2.67,255200121
S1IV,2.9,3.55e+01,1.84e+01,3333,1.57,3.2,-2.33,0.87,255212159
S1V,0.5,6.18e-02,7.68e-01,3333,1.57,10.1,-2.33,7.77,255204142
S1VI,0.2,1.86e-02,4.22e-01,3333,1.57,11.4,-2.33,9.07,255204142
S2Ia0,14.5,3.65e+06,5.95e+03,3320,1.58,-9.3,-2.36,-11.66,255193104
S2Ia,12.1,4.81e+05,2.16e+03,3320,1.58,-7.1,-2.36,-9.46,255193104
S2Ib,9.8,1.10e+05,1.03e+03,3320,1.58,-5.5,-2.36,-7.86,255193104
S2II,7.4,8.36e+03,2.85e+02,3320,1.58,-2.7,-2.36,-5.06,255203124
S2III,5.1,1.21e+03,1.08e+02,3320,1.58,-0.6,-2.36,-2.96,255198118
S2IV,2.7,5.09e+01,2.44e+01,3167,1.65,3.2,-2.72,0.48,255211157
S2V,0.4,3.21e-02,6.14e-01,3167,1.65,11.2,-2.72,8.48,255196131
S2VI,0.2,8.85e-03,3.22e-01,3167,1.65,12.6,-2.72,9.88,255196131
S3Ia0,13.8,5.07e+06,7.89e+03,3130,1.67,-9.2,-2.81,-12.01,255192118
S3Ia,11.6,7.33e+05,3.00e+03,3130,1.67,-7.1,-2.81,-9.91,255192118
S3Ib,9.3,1.68e+05,1.44e+03,3130,1.67,-5.5,-2.81,-8.31,255192118
S3II,7.1,1.40e+04,4.14e+02,3130,1.67,-2.8,-2.81,-5.61,255201119
S3III,4.8,1.84e+03,1.50e+02,3130,1.67,-0.6,-2.81,-3.41,255200119
S3IV,2.6,7.76e+01,3.36e+01,3000,1.74,3.2,-3.18,0.02,255210156
S3V,0.3,1.78e-02,5.09e-01,3000,1.74,12.3,-3.18,9.12,255206129
S3VI,0.2,4.90e-03,2.67e-01,3000,1.74,13.7,-3.18,10.52,255206129
S4Ia0,13.2,8.38e+06,1.15e+04,2940,1.77,-9.2,-3.36,-12.56,255185104
S4Ia,11.0,1.10e+06,4.18e+03,2940,1.77,-7.0,-3.36,-10.36,255185104
S4Ib,8.9,2.77e+05,2.09e+03,2940,1.77,-5.5,-3.36,-8.86,255185104
S4II,6.7,2.31e+04,6.04e+02,2940,1.77,-2.8,-3.36,-6.16,255199114
S4III,4.6,2.77e+03,2.09e+02,2940,1.77,-0.5,-3.36,-3.86,255206127
S4IV,2.4,1.27e+02,4.83e+01,2833,1.83,3.2,-3.71,-0.51,255209155
S4V,0.3,1.06e-02,4.40e-01,2833,1.83,13.4,-3.71,9.69,255201127
S4VI,0.1,2.66e-03,2.21e-01,2833,1.83,14.9,-3.71,11.19,255201127
S5Ia0,12.5,1.53e+07,1.78e+04,2750,1.88,-9.2,-4.01,-13.21,255178078
S5Ia,10.5,2.02e+06,6.45e+03,2750,1.88,-7.0,-4.01,-11.01,255178078
S5Ib,8.4,5.07e+05,3.23e+03,2750,1.88,-5.5,-4.01,-9.51,255178078
S5II,6.4,4.62e+04,9.76e+02,2750,1.88,-2.9,-4.01,-6.91,255197110
S5III,4.3,5.07e+03,3.23e+02,2750,1.88,-0.5,-4.01,-4.51,255197124
S5IV,2.3,2.07e+02,6.94e+01,2667,1.93,3.3,-4.34,-1.04,255209154
S5V,0.2,6.24e-03,3.81e-01,2667,1.93,14.6,-4.34,10.26,255204111
S5VI,0.1,1.72e-03,2.00e-01,2667,1.93,16.0,-4.34,11.66,255204111
S6Ia0,12.4,2.88e+07,2.81e+04,2560,2.00,-9.1,-4.80,-13.90,255171052
S6Ia,10.3,4.17e+06,1.07e+04,2560,2.00,-7.0,-4.80,-11.80,255171052
S6Ib,8.3,9.55e+05,5.12e+03,2560,2.00,-5.4,-4.80,-10.20,255171052
S6II,6.3,9.55e+04,1.62e+03,2560,2.00,-2.9,-4.80,-7.70,255195105
S6III,4.2,9.55e+03,5.12e+02,2560,2.00,-0.4,-4.80,-5.20,255178121
S6IV,2.2,4.10e+02,1.11e+02,2500,2.03,3.3,-5.08,-1.78,255208153
S6V,0.2,4.50e-03,3.68e-01,2500,2.03,15.7,-5.08,10.62,255195112
S6VI,0.1,1.63e-03,2.22e-01,2500,2.03,16.8,-5.08,11.72,255195112
S7Ia0,12.3,6.96e+07,5.10e+04,2370,2.12,-9.1,-5.76,-14.86,255164026
S7Ia,10.2,9.18e+06,1.85e+04,2370,2.12,-6.9,-5.76,-12.66,255164026
S7Ib,8.2,2.10e+06,8.87e+03,2370,2.12,-5.3,-5.76,-11.06,255164026
S7II,6.2,2.53e+05,3.07e+03,2370,2.12,-3.0,-5.76,-8.76,255193100
S7III,4.2,2.10e+04,8.87e+02,2370,2.12,-0.3,-5.76,-6.06,255165097
S7IV,2.1,9.26e+02,1.92e+02,2333,2.14,3.3,-5.97,-2.67,255207152
S7V,0.1,3.69e-03,3.83e-01,2333,2.14,16.8,-5.97,10.83,255197111
S7VI,0.1,1.94e-03,2.78e-01,2333,2.14,17.5,-5.97,11.53,255197111
S8Ia0,12.1,2.05e+08,1.03e+05,2180,2.25,-9.1,-6.93,-16.03,255157000
S8Ia,10.1,2.70e+07,3.76e+04,2180,2.25,-6.9,-6.93,-13.83,255157000
S8Ib,8.1,5.15e+06,1.64e+04,2180,2.25,-5.1,-6.93,-12.03,255157000
S8II,6.1,7.44e+05,6.23e+03,2180,2.25,-3.0,-6.93,-9.93,255192096
S8III,4.1,5.15e+04,1.64e+03,2180,2.25,-0.1,-6.93,-7.03,255167097
S8IV,2.1,2.44e+03,3.61e+02,2167,2.26,3.3,-7.02,-3.72,255206151
S8V,0.1,3.53e-03,4.34e-01,2167,2.26,17.9,-7.02,10.88,255198109
S8VI,0.1,2.44e-03,3.61e-01,2167,2.26,18.3,-7.02,11.28,255198109
S9Ia0,12.0,7.11e+08,2.31e+05,1990,2.40,-9.0,-8.38,-17.38,255157000
S9Ia,10.0,1.03e+08,8.79e+04,1990,2.40,-6.9,-8.38,-15.28,255157000
S9Ib,8.0,1.79e+07,3.67e+04,1990,2.40,-5.0,-8.38,-13.38,255157000
S9II,6.0,2.83e+06,1.46e+04,1990,2.40,-3.0,-8.38,-11.38,255190091
S9III,4.1,1.79e+05,3.67e+03,1990,2.40,0.0,-8.38,-8.38,255233154
S9IV,2.1,7.91e+03,7.64e+02,2000,2.39,3.3,-8.30,-5.00,255205150
S9V,0.1,4.15e-03,5.53e-01,2000,2.39,19.0,-8.30,10.70,255198108
S9VI,0.1,4.15e-03,5.53e-01,2000,2.39,19.0,-8.30,10.70,255198108
DA0,1.1,6.91e+00,9.02e-03,100000,-0.37,10.2,-7.55,2.65,155178255
DA1,0.9,2.65e-01,6.96e-03,50400,-0.35,10.8,-4.61,6.19,159181255
DA2,0.8,2.55e-02,8.64e-03,25200,-0.27,11.4,-2.67,8.73,168189255
DA3,0.7,6.02e-03,9.44e-03,16800,-0.20,11.9,-1.60,10.30,179197255
DA4,0.6,1.82e-03,9.22e-03,12600,-0.13,12.5,-0.90,11.60,192207255
DA5,0.5,6.93e-04,8.90e-03,10080,-0.07,13.1,-0.45,12.65,207218255
DA6,0.4,3.15e-04,8.64e-03,8400,0.09,13.7,-0.20,13.50,224230255
DA7,0.3,1.80e-04,8.89e-03,7200,0.34,14.2,-0.09,14.11,243243255
DA8,0.2,1.05e-04,8.87e-03,6300,0.55,14.8,-0.10,14.70,255247245
DA9,0.1,6.73e-05,8.98e-03,5600,0.74,15.4,-0.22,15.18,255239225
DB0,1.1,6.91e+00,9.02e-03,100000,-0.37,10.2,-7.55,2.65,155178255
DB1,0.9,2.65e-01,6.96e-03,50400,-0.35,10.8,-4.61,6.19,159181255
DB2,0.8,2.55e-02,8.64e-03,25200,-0.27,11.4,-2.67,8.73,168189255
DB3,0.7,6.02e-03,9.44e-03,16800,-0.20,11.9,-1.60,10.30,179197255
DB4,0.6,1.82e-03,9.22e-03,12600,-0.13,12.5,-0.90,11.60,192207255
DB5,0.5,6.93e-04,8.90e-03,10080,-0.07,13.1,-0.45,12.65,207218255
DB6,0.4,3.15e-04,8.64e-03,8400,0.09,13.7,-0.20,13.50,224230255
DB7,0.3,1.80e-04,8.89e-03,7200,0.34,14.2,-0.09,14.11,243243255
DB8,0.2,1.05e-04,8.87e-03,6300,0.55,14.8,-0.10,14.70,255247245
DB9,0.1,6.73e-05,8.98e-03,5600,0.74,15.4,-0.22,15.18,255239225
DC0,1.1,6.91e+00,9.02e-03,100000,-0.37,10.2,-7.55,2.65,155178255
DC1,0.9,2.65e-01,6.96e-03,50400,-0.35,10.8,-4.61,6.19,159181255
DC2,0.8,2.55e-02,8.64e-03,25200,-0.27,11.4,-2.67,8.73,168189255
DC3,0.7,6.02e-03,9.44e-03,16800,-0.20,11.9,-1.60,10.30,179197255
DC4,0.6,1.82e-03,9.22e-03,12600,-0.13,12.5,-0.90,11.60,192207255
DC5,0.5,6.93e-04,8.90e-03,10080,-0.07,13.1,-0.45,12.65,207218255
DC6,0.4,3.15e-04,8.64e-03,8400,0.09,13.7,-0.20,13.50,224230255
DC7,0.3,1.80e-04,8.89e-03,7200,0.34,14.2,-0.09,14.11,243243255
DC8,0.2,1.05e-04,8.87e-03,6300,0.55,14.8,-0.10,14.70,255247245
DC9,0.1,6.73e-05,8.98e-03,5600,0.74,15.4,-0.22,15.18,255239225
DO0,1.1,6.91e+00,9.02e-03,100000,-0.37,10.2,-7.55,2.65,155178255
DO1,0.9,2.65e-01,6.96e-03,50400,-0.35,10.8,-4.61,6.19,159181255
DO2,0.8,2.55e-02,8.64e-03,25200,-0.27,11.4,-2.67,8.73,168189255
DO3,0.7,6.02e-03,9.44e-03,16800,-0.20,11.9,-1.60,10.30,179197255
DO4,0.6,1.82e-03,9.22e-03,12600,-0.13,12.5,-0.90,11.60,192207255
DO5,0.5,6.93e-04,8.90e-03,10080,-0.07,13.1,-0.45,12.65,207218255
DO6,0.4,3.15e-04,8.64e-03,8400,0.09,13.7,-0.20,13.50,224230255
DO7,0.3,1.80e-04,8.89e-03,7200,0.34,14.2,-0.09,14.11,243243255
DO8,0.2,1.05e-04,8.87e-03,6300,0.55,14.8,-0.10,14.70,255247245
DO9,0.1,6.73e-05,8.98e-03,5600,0.74,15.4,-0.22,15.18,255239225
DQ0,1.1,6.91e+00,9.02e-03,100000,-0.37,10.2,-7.55,2.65,155178255
DQ1,0.9,2.65e-01,6.96e-03,50400,-0.35,10.8,-4.61,6.19,159181255
DQ2,0.8,2.55e-02,8.64e-03,25200,-0.27,11.4,-2.67,8.73,168189255
DQ3,0.7,6.02e-03,9.44e-03,16800,-0.20,11.9,-1.60,10.30,179197255
DQ4,0.6,1.82e-03,9.22e-03,12600,-0.13,12.5,-0.90,11.60,192207255
DQ5,0.5,6.93e-04,8.90e-03,10080,-0.07,13.1,-0.45,12.65,207218255
DQ6,0.4,3.15e-04,8.64e-03,8400,0.09,13.7,-0.20,13.50,224230255
DQ7,0.3,1.80e-04,8.89e-03,7200,0.34,14.2,-0.09,14.11,243243255
DQ8,0.2,1.05e-04,8.87e-03,6300,0.55,14.8,-0.10,14.70,255247245
DQ9,0.1,6.73e-05,8.98e-03,5600,0.74,15.4,-0.22,15.18,255239225
DZ0,1.1,6.91e+00,9.02e-03,100000,-0.37,10.2,-7.55,2.65,155178255
DZ1,0.9,2.65e-01,6.96e-03,50400,-0.35,10.8,-4.61,6.19,159181255
DZ2,0.8,2.55e-02,8.64e-03,25200,-0.27,11.4,-2.67,8.73,168189255
DZ3,0.7,6.02e-03,9.44e-03,16800,-0.20,11.9,-1.60,10.30,179197255
DZ4,0.6,1.82e-03,9.22e-03,12600,-0.13,12.5,-0.90,11.60,192207255
DZ5,0.5,6.93e-04,8.90e-03,10080,-0.07,13.1,-0.45,12.65,207218255
DZ6,0.4,3.15e-04,8.64e-03,8400,0.09,13.7,-0.20,13.50,224230255
DZ7,0.3,1.80e-04,8.89e-03,7200,0.34,14.2,-0.09,14.11,243243255
DZ8,0.2,1.05e-04,8.87e-03,6300,0.55,14.8,-0.10,14.70,255247245
DZ9,0.1,6.73e-05,8.98e-03,5600,0.74,15.4,-0.22,15.18,255239225
